patient_id,national_code,first_name,last_name,birth_date,gender,phone,address,blood_type,allergies,insurance_id,registration_date
1,3338726244,نسرین,احمدی,2010-12-24,زن,09132677360,"433 آرش دره، باغات دانیال, اردبیل 133",A+,,3,2024-02-20
2,7468723435,سینا,توکلی,2013-02-27,مرد,09820812191,"863 محجوب جنب، شرق سينا, مازندران 42351",B-,,5,2023-11-29
3,3990916998,نیما,قاسمی,1993-09-03,مرد,09475107991,"55940 پارسا دره واحد 184، باغات یاسمین, کردستان 341",B-,,2,2025-05-08
4,5135427848,حسین,قاسمی,2018-08-29,مرد,09411824493,"4752 ربانی بن بست، استان اميرعباس, کردستان 2832764835",,,,2025-04-08
5,4874016405,بهاره,علوی,1987-05-23,زن,09011280598,"56413 نوروزی تونل، استان محمد مهدی, بوشهر 23884",B+,لیدوکائین,1,2026-01-24
6,5331586929,میلاد,مرادی,2000-05-11,مرد,09634216073,"3287 عباس خیابان سوئیت 226، روستای نيايش, هرمزگان 4801845146",O-,,2,2025-11-25
7,3036541454,مجید,نوری,1978-08-01,مرد,09940196556,"48281 هدایت بن بست سوئیت 528، باغات هانيه, یزد 154",A-,,,2024-03-27
8,9340608836,سارا,هاشمی,1938-03-09,زن,09846564823,"91171 مبینا تونل، بندر علی اصغر, مازندران 8346",O+,,2,2025-05-07
9,9946804433,شیرین,توکلی,1978-12-20,زن,09721489513,"713 ثنا آزاد راه سوئیت 983، شمال مریم, خراسان 1051",B-,,2,2026-01-24
10,0037917692,سپیده,احمدی,1957-01-28,زن,09163287083,"738 رضا تونل سوئیت 763، غرب متين, مازندران 66701",,لاتکس,4,2024-12-15
11,8895798686,دلارام,یوسفی,1960-01-02,زن,09873471434,"513 محدثه جاده سوئیت 624، جنوب یلدا, مرکزی 1080132677",A-,لاتکس,,2025-01-15
12,6231665879,فرشته,پارسا,1967-01-31,زن,09670546688,"26064 تحسینی کوه واحد 234، شمال بنیامین, خراسان 00978",,,,2023-09-13
13,7346706560,نیما,رستمی,2003-09-25,مرد,09901627204,"121 ساميار بلوار، غرب ایلیا, خوزستان 9091699854",B-,,3,2026-08-01
14,6464170805,احمد,شریفی,2011-09-08,مرد,09092327193,"46247 کمالی پل سوئیت 799، غرب امیرمهدی, خراسان رضوی 4251354278",AB+,,,2023-10-25
15,2991241901,سامان,سلطانی,1972-01-26,مرد,09149190586,"841 محدثه دره، شهرستان حدیث, سمنان 93534",A-,,3,2024-09-13
16,0671657267,دلارام,رستمی,1985-10-02,زن,09453147379,"16400 نعمتی میدان واحد 278، شهرستان زهرا, البرز 280",O+,,4,2026-04-20
17,5273545498,میلاد,نجفی,2018-11-14,مرد,09783777014,"2045 حلما بن بست، استان نرگس, کرمان 6923226025",B-,,5,2024-08-29
18,5788568552,فرهاد,صادقی,1988-04-16,مرد,09823374989,"2160 نوری بن بست، شهر اسما, خراسان شمالی 0365",A-,,3,2024-04-07
19,3524082408,علی,پارسا,2003-09-17,مرد,09477752047,"5868 رضا زاده دره، شرق بنیامین, زنجان 196",A-,,1,2026-05-05
20,9022941310,پویا,هاشمی,1991-11-18,مرد,09964990913,"9816 سارا خیابان واحد 088، شهر آرمین, کردستان 95148",AB+,,2,2025-09-21
21,3281206794,رویا,موسوی,1986-08-17,زن,09349361832,"6482 محمد جزیره سوئیت 994، شهرستان فاطمه, فارس 36995",,,1,2025-03-05
22,0249947171,وحید,حسینی,1985-11-30,مرد,09659401399,"3872 مريم آزاد راه سوئیت 343، شرق زینب, اردبیل 7917",,,3,2026-05-11
23,9027874298,مینا,جعفری,2008-12-10,زن,09256746807,"676 یگانه کوچه، روستای يسنا, چهارمحال و بختیاری 7083172788",AB+,,4,2025-07-16
24,8087603850,امیر,عباسی,1964-07-23,مرد,09771093248,"868 جعفر پور تونل واحد 434، استان هليا, سمنان 143455",O+,سولفانامید,1,2024-09-23
25,7127484678,بابک,قاسمی,2002-01-25,مرد,09146584044,"36231 رفیعی آزاد راه، روستای باران, خراسان رضوی 690967",,,,2024-08-28
26,7278755883,پریسا,نجفی,1995-08-19,زن,09057662702,"6688 آرش بلوار واحد 670، شهر مهدي, گلستان 7298",AB-,,4,2024-12-05
27,1870262174,نوید,میرزایی,1969-09-19,مرد,09657809134,"901 هنری جاده سوئیت 046، جنوب سینا, قزوین 64641",,,,2024-01-15
28,6117240058,آرش,پارسا,1973-01-08,مرد,09222196937,"805 محمدياسين پل، شمال سوگند, خراسان جنوبی 923",,آسپرین,3,2024-05-28
29,7407482179,پویا,هاشمی,1981-09-21,مرد,09367136959,"193 لاچینی جنب واحد 299، شرق هستي, اصفهان 0496631931",AB+,سولفانامید,4,2025-12-19
30,4090974399,میلاد,قاسمی,1995-09-28,مرد,09104709521,"058 ضرغامی بزرگ راه، شهرستان اميرعباس, قم 671",,,4,2024-12-29
31,2328588425,رویا,موسوی,1959-03-22,زن,09236851604,"726 ماهان جنب واحد 769، شهر فاطمه, گیلان 73799",O-,,,2025-06-27
32,4965137094,پویا,هاشمی,1991-09-15,مرد,09612004711,"75273 شاکری آزاد راه واحد 948، شهرستان محدثه, گیلان 6783",B+,,3,2023-12-11
33,8692617962,احمد,رحیمی,1973-04-27,مرد,09158506431,"0143 نیلوفری بلوار واحد 957، روستای ياسين, قم 74443",,,1,2026-01-28
34,3900532931,پریسا,مرادی,1993-10-15,زن,09290422842,"1823 مبين تونل، باغات پارسا, سیستان و بلوچستان 343",A+,لیدوکائین,,2024-10-19
35,3950240268,حسین,سعیدی,1960-01-03,مرد,09839084700,"0824 محیا تقاطع، استان اميرمهدي, یزد 094",,,4,2025-08-14
36,1771159219,مهسا,صالحی,1979-02-01,زن,09611836736,"5204 الوندی پل واحد 719، شرق نیایش, فارس 318",O-,,1,2026-07-25
37,5654527118,شهرام,علوی,2008-01-30,مرد,09851656049,"677 محجوب کوه، باغات آرتين, خراسان 1334123281",A-,,2,2024-04-26
38,2731585145,مجید,هاشمی,2016-09-28,مرد,09550229612,"7974 آيناز تقاطع، دهستان مریم, خراسان شمالی 93618",,,1,2025-02-01
39,8366752542,وحید,رضایی,2010-07-12,مرد,09147679764,"2102 هاشمی تقاطع، غرب محمدرضا, فارس 488771",A-,,1,2024-06-17
40,4978403693,سارا,احمدی,1993-06-02,زن,09762268388,"594 نازنین بلوار سوئیت 490، دهستان یوسف, مرکزی 29671",,,1,2025-01-08
41,6060715966,فرهاد,باقری,1967-03-23,مرد,09975161369,"5512 رفیعی تونل واحد 680، غرب مهديس, زنجان 16808",A-,,3,2024-03-26
42,5352181881,نرگس,فرهادی,1975-09-20,زن,09329212779,"38597 گلپایگانی خیابان سوئیت 482، دهستان سينا, یزد 093",,,5,2024-06-01
43,9552717744,پویا,حسینی,1974-11-30,مرد,09054119986,"086 عسل دره واحد 127، شهرستان آراد, سمنان 773782",A+,,5,2024-01-02
44,3597820719,سامان,سعیدی,2009-11-22,مرد,09788925546,"821 نعمتی کوه، شهرستان ثنا, آذربایجان شرقی 49972",AB-,,1,2024-07-22
45,5151864491,سامان,بهرامی,2002-02-11,مرد,09291486528,"5886 ظفری بن بست سوئیت 963، شمال محيا, همدان 627028",O+,,,2025-04-30
46,0542357331,حامد,شکوهی,1983-06-24,مرد,09059296222,"1870 متین میدان، دهستان محدثه, قم 6158657809",,,,2026-06-08
47,2706537949,ایمان,دهقان,1990-11-12,مرد,09359774688,"431 ابوطالبی دره، شرق عليرضا, فارس 050",B+,,5,2024-12-05
48,2407581814,بهاره,کریمی,1985-12-26,زن,09375060685,"6238 نامور چهار راه سوئیت 219، باغات احسان, خوزستان 923747",A-,,1,2026-06-20
49,5152204721,حامد,امینی,2020-06-25,مرد,09898614341,"4821 زارعی تقاطع، بندر سینا, فارس 6713",O+,,5,2023-09-11
50,7117980893,بهاره,نوری,1966-08-18,زن,09185188888,"440 شبیری کوچه سوئیت 974، باغات کيانا, خراسان شمالی 9421",O-,آسپرین,3,2025-07-26
51,4051531953,کیمیا,مقدم,1976-09-20,زن,09722170430,"0952 اسرا آزاد راه واحد 232، شهرستان عرشیا, سمنان 4745",,,,2024-07-27
52,5486874030,مهناز,رحیمی,2013-09-05,زن,09667652775,"23685 ابوالفضل کوچه واحد 817، استان علي, زنجان 6513709859",,,1,2025-06-13
53,6169284511,رویا,اکبری,1980-12-29,زن,09705964016,"746 آوا خیابان، بندر نیما, البرز 382",B+,,2,2025-12-23
54,9702135567,کامران,سعیدی,2003-08-27,مرد,09192856543,"8692 ملکیان دره واحد 964، شهر مبينا, مرکزی 351585",,لاتکس,,2026-02-10
55,7868144734,رضا,سعیدی,1958-05-10,مرد,09271551884,"3171 آريا کوچه سوئیت 532، غرب محمدعلي, خراسان رضوی 3352904228",,,2,2024-04-11
56,5831323706,مریم,موسوی,1960-11-10,زن,09467866912,"02053 اکبر پور چهار راه، شمال مبینا, لرستان 1177589178",,,4,2024-04-25
57,7852892264,الهام,طاهری,2004-11-16,زن,09358414384,"847 باران تونل، روستای اميررضا, اصفهان 711592",AB+,,1,2024-06-12
58,8299229952,پدرام,پارسا,2017-06-25,مرد,09439690784,"9985 هاشمی تقاطع، شهرستان پرهام, مازندران 183",AB+,,,2023-11-05
59,6471027672,نازنین,اکبری,2002-03-02,زن,09625881537,"65766 مهديس کوه واحد 452، غرب نازنین, گیلان 615",O-,,1,2025-05-18
60,0469632593,فرزاد,هاشمی,1999-11-28,مرد,09701687339,"885 محمد طاها بزرگ راه، شمال فاطمياسارينا, فارس 19832",A+,,5,2026-06-23
61,7480162456,بهرام,موسوی,1969-07-22,مرد,09687849912,"58514 علی کوچه، شمال آیدا, سمنان 55022",,,3,2024-09-05
62,8523986804,هدیه,توکلی,1977-12-16,زن,09259526949,"01836 ترکاشوند آزاد راه، شهر هستي, قزوین 9102290147",O-,,3,2026-07-02
63,7055169402,یاسر,نیکنام,1991-07-17,مرد,09623091307,"764 عباس دره واحد 614، شهرستان دانيال, فارس 369",B+,,2,2026-04-13
64,6897028381,نسرین,مرادی,1972-03-09,زن,09854973348,"43244 بهمنی کوچه، روستای معصومه, ایلام 838851",AB+,,2,2024-07-23
65,7575844198,بهرام,کریمی,1970-02-22,مرد,09574733848,"0715 حسنی جزیره، بندر كیانا, گلستان 529",B+,بی‌حسی موضعی,5,2024-05-29
66,3308330164,پگاه,دهقان,2003-08-07,زن,09734540193,"61369 سغیری پل واحد 453، شرق یلدا, البرز 8355231243",A+,,2,2024-06-22
67,6206724001,نسرین,شکوهی,1978-03-23,زن,09728743152,"127 کمالی جاده، استان مهديس, بوشهر 177449",,,,2026-02-19
68,2054932965,امیر,دهقان,2009-01-14,مرد,09530463745,"147 مجتهدی خیابان واحد 411، دهستان بنیامین, اردبیل 935978",A+,,3,2024-02-15
69,3017426841,امیر,دهقان,1983-02-07,مرد,09279568783,"1518 ریحانه بلوار، دهستان احسان, تهران 54665",,,5,2024-10-29
70,1878519107,نوید,شکوهی,1994-10-22,مرد,09713971870,"51864 فرجی میدان واحد 192، بندر محمدمهدي, گلستان 9148",O+,,1,2024-06-05
71,8740640396,مریم,دهقان,2011-11-03,زن,09046226567,"81685 مليکا تقاطع سوئیت 357، جنوب آوا, بوشهر 418",,,,2023-12-05
72,6182512865,پویا,میرزایی,1992-08-10,مرد,09686337524,"296 سوگند چهار راه سوئیت 706، استان حسام, خوزستان 947383",A-,بی‌حسی موضعی,,2023-09-19
73,6903311904,پریسا,میرزایی,2014-04-03,زن,09302843959,"59774 اشتری کوه سوئیت 392، شمال آريا, همدان 81814",AB-,,2,2023-11-02
74,8364408925,کاوه,خسروی,1957-07-27,مرد,09856624628,"7826 يسنا جاده، شمال عرفان, خراسان 853615",B-,,,2025-07-09
75,2708668821,نازنین,رحیمی,1977-09-18,زن,09183046990,"1522 فاطمياسارينا تونل، دهستان سبحان, آذربایجان شرقی 043",,,,2024-01-12
76,9837354038,سامان,کاظمی,2004-12-06,مرد,09638546785,"43410 محمد جاده سوئیت 179، استان محمدحسین, خوزستان 4609",AB-,,4,2024-12-12
77,7175355602,شهرام,رستمی,2002-08-01,مرد,09642353693,"621 عبدالعلی کوچه، دهستان آیناز, کهگیلویه و بویراحمد 40515",AB-,,4,2025-01-19
78,7725228721,رضا,رضایی,2012-11-11,مرد,09062312038,"520 ضابطی آزاد راه، استان آریا, همدان 2170",A+,,,2023-10-12
79,9770088609,کیمیا,غفاری,1984-08-05,زن,09211823398,"30548 ضابطی تونل، شمال اميرمهدي, خراسان جنوبی 50541",AB-,,,2026-05-28
80,6156793348,داریوش,دهقان,2016-06-19,مرد,09002176591,"7652 نیلوفری تونل واحد 841، غرب آرمین, چهارمحال و بختیاری 4511544796",,,2,2025-11-11
81,3974014896,پدرام,بهرامی,1980-08-06,مرد,09142939685,"7059 شبیری خیابان سوئیت 658، شمال اسرا, مرکزی 213",B+,,1,2024-10-01
82,8501631590,ایمان,سعیدی,1970-03-03,مرد,09735866296,"9092 صارمی بزرگ راه واحد 192، روستای مهديس, سمنان 1027",AB+,,1,2023-10-03
83,1426265514,مریم,نوری,1964-02-16,زن,09678886101,"4739 نیلوفری تونل، غرب رها, کردستان 271551",A-,,3,2025-02-06
84,6046618398,سینا,امینی,1999-05-31,مرد,09126464715,"25831 آوا بلوار واحد 058، دهستان پارسا, ایلام 1146786691",B-,,4,2025-02-04
85,9937124069,دلارام,صالحی,1978-01-02,زن,09245937526,"177 بهرامی چهار راه سوئیت 680، شهرستان حدیث, فارس 2535",,,4,2025-06-19
86,9356465193,رویا,کاظمی,1996-08-26,زن,09741672434,"3842 معین پل، باغات بنیامین, بوشهر 9959",O+,,,2023-09-28
87,1797968866,احمد,اکبری,1973-08-22,مرد,09290965610,"09439 هوشیار کوچه، استان ماهان, سیستان و بلوچستان 73647",B-,,5,2024-01-25
88,8993756791,اردشیر,کریمی,2016-12-01,مرد,09125457387,"76773 معروف میدان، شهر ماهان, کرمان 258815",A-,,4,2024-03-05
89,5140105128,آرش,مقدم,1997-11-01,مرد,09362266093,"47321 ياسمين جزیره واحد 325، جنوب محمدعلي, تهران 877470",O+,,2,2024-06-26
90,3419182554,هدیه,بهرامی,1957-11-23,زن,09915579249,"733 حمیدی خیابان واحد 797، شهرستان زهرا, اصفهان 245650",B+,,2,2025-05-06
91,4125286698,شادی,عباسی,1996-12-04,زن,09225790507,"835 احمدی جزیره، شهرستان آتنا, البرز 1655",O+,,5,2024-07-23
92,7676772192,لیلا,باقری,1983-07-29,زن,09797881914,"98680 آتنا میدان، دهستان یوسف, هرمزگان 9825",,,3,2025-02-16
93,8078361343,حسین,سلطانی,1990-02-15,مرد,09395962923,"9495 علی پور تقاطع، شمال نازنين, قم 694",,,5,2024-01-29
94,5849825444,مجید,قاسمی,2008-05-30,مرد,09232536729,"9930 جلالی جزیره سوئیت 309، جنوب نازنین زهرا, مرکزی 62636",O+,,,2025-11-23
95,1168457750,ایمان,میرزایی,2008-12-16,مرد,09636374545,"283 ضرغامی تونل، شهر معصومه, هرمزگان 5854973348",B+,,,2025-08-06
96,7500170122,لیلا,باقری,1969-05-06,زن,09415415206,"4375 زارعی جنب، غرب علی اكبر, کهگیلویه و بویراحمد 524041",B-,,,2024-04-30
97,1103712934,نازنین,غفاری,2018-08-14,زن,09271361115,"473 امیرمهدی جنب واحد 219، جنوب هستی, خراسان شمالی 0165",AB+,سولفانامید,,2025-07-07
98,2218909278,مریم,جعفری,2001-01-11,زن,09219656523,"208 متین تونل، استان ستايش, سیستان و بلوچستان 40193",A-,,,2026-01-26
99,9994043897,مهناز,سلطانی,1982-09-18,زن,09761379180,"2067 علي تقاطع، شمال حسنا, اصفهان 47887",,,,2023-11-23
100,2696582718,مهناز,بهرامی,1990-04-24,زن,09848666188,"3152 قاضی جنب سوئیت 054، شرق سبحان, گلستان 851612",AB+,پنی‌سیلین,,2023-10-24
101,8328569140,آرش,صادقی,1990-07-14,مرد,09799042102,"3046 سبحان جنب واحد 499، بندر محمدمهدي, کرمانشاه 0174",,لیدوکائین,5,2024-12-16
102,8425241057,بابک,رحیمی,2012-03-25,مرد,09079252419,"841 صارمی بلوار سوئیت 272، باغات النا, لرستان 7833918785",A-,,5,2024-01-08
103,0003075621,پریسا,نجفی,2015-10-27,زن,09541951802,"88398 مائده آزاد راه، غرب احسان, خراسان رضوی 7187072867",A+,,1,2025-12-09
104,7445187057,یاسمن,افشار,1981-09-30,زن,09383206038,"406 محمدی بن بست سوئیت 065، شهرستان باران, کردستان 046226",A+,,1,2024-12-12
105,6413836709,فرزاد,شکوهی,1985-06-27,مرد,09657191826,"6618 محمدمهدي بزرگ راه سوئیت 286، جنوب فاطمه, آذربایجان غربی 78686",A+,,,2023-11-01
106,2344565574,الهام,سعیدی,1998-06-02,زن,09756185374,"5243 یسنا کوه، جنوب زهرا, کردستان 907",A-,سولفانامید,3,2024-03-14
107,9035213564,نازنین,سعیدی,1987-05-16,زن,09883171210,"067 محمدیاسین بن بست، شرق عرشیا, سیستان و بلوچستان 9599",B-,سولفانامید,,2023-10-06
108,6519941018,رویا,رضایی,2004-06-22,زن,09296670662,"2836 شبیری خیابان، استان محمدحسين, مازندران 7056856624",B+,,4,2025-06-13
109,2099934762,سعید,شکوهی,2009-03-17,مرد,09380657875,"733 علی پور میدان، شمال یاسین, لرستان 882634",,,4,2025-09-26
110,4205930402,حسین,سلطانی,1974-10-21,مرد,09348039652,"175 امیرمهدی بن بست سوئیت 469، غرب محدثه, خراسان رضوی 354033",AB-,,,2024-11-22
111,5905992932,محمد,کریمی,1956-11-16,مرد,09039308705,"93638 عزیزی تقاطع واحد 785، بندر مليکا, یزد 175355",,,2,2025-04-27
112,5250029213,فرهاد,هاشمی,2011-01-28,مرد,09522675289,"320 میردامادی کوه، شرق فاطمه, قم 6937",,,5,2025-10-22
113,2644220963,وحید,زارعی,2016-05-04,مرد,09917251355,"7725 آوا تونل سوئیت 808، غرب مهدي, خراسان 623",A-,,,2025-05-16
114,5704331548,مهدی,نجفی,2014-01-21,مرد,09765861793,"38750 ضرغامی تونل، شمال آرین, لرستان 084",A-,,1,2026-01-17
115,4054115268,بهاره,باقری,2012-02-15,زن,09962015336,"621 احسان میدان، جنوب آرتين, زنجان 46156",AB+,,3,2026-04-18
116,3106987200,زهرا,کاظمی,1982-09-10,زن,09241714677,"341 نازنین جزیره، روستای پارسا, همدان 021",,,5,2026-04-13
117,6256527046,سپیده,جعفری,1985-10-29,زن,09158693806,"591 زينب بن بست واحد 401، شهرستان علی رضا, اردبیل 5039",,,5,2023-12-08
118,7937416084,مهدی,کاظمی,2002-06-09,مرد,09320616329,"42939 نوبختی آزاد راه واحد 218، شمال آیلین, مازندران 1599",A-,ید,4,2026-02-08
119,8548709987,شهرام,جعفری,2001-05-26,مرد,09485646799,"47735 سعیدی چهار راه واحد 194، غرب ملیكا, سمنان 6265",B+,,,2024-02-25
120,2996065301,بهرام,هاشمی,1973-08-06,مرد,09471324754,"04754 مهدیس پل، روستای سبحان, لرستان 015",,,,2025-06-25
121,1373678501,فرشته,شکوهی,1980-08-16,زن,09902330307,"0466 رضا بلوار سوئیت 622، بندر ثنا, یزد 1264",AB-,,3,2026-06-06
122,5786103579,حامد,فرهادی,1959-10-24,مرد,09140602933,"1543 هاشمی بن بست واحد 124، روستای مهسا, کهگیلویه و بویراحمد 75692",B-,,4,2025-07-20
123,8007229035,آزاده,اکبری,1980-08-15,زن,09743748969,"375 ابوالفضل آزاد راه واحد 793، روستای آتنا, گلستان 19398",AB-,,5,2025-02-17
124,9441715451,احمد,رضایی,1982-05-10,مرد,09965207446,"737 نیلوفری پل، استان علیرضا, ایلام 34266",A+,,5,2024-06-06
125,3538758425,میلاد,فرهادی,1997-03-13,مرد,09825135346,"796 ضابطی خیابان واحد 891، جنوب متين, کرمان 9096",,,3,2024-02-19
126,9471709997,بهاره,رضایی,1956-06-20,زن,09223569725,"01438 سبحان بزرگ راه واحد 798، شهر زینب, همدان 461",,,1,2025-09-23
127,7525007438,آرش,غفاری,1999-12-03,مرد,09667600835,"4573 زارعی تونل، دهستان حسام, مرکزی 14010",,,5,2024-01-31
128,3003354213,لیلا,مقدم,1999-07-08,زن,09898562575,"238 پارسا چهار راه، شهرستان علی, هرمزگان 6226",,سولفانامید,4,2023-11-05
129,0332309827,هدیه,رضایی,2016-01-26,زن,09901001676,"937 سرخوشیان کوچه، جنوب آتنا, کردستان 1825537147",AB+,,,2025-01-08
130,2304618499,ایمان,جعفری,2006-11-20,مرد,09739348356,"691 ربانی جاده سوئیت 499، استان رها, قزوین 341",A+,,2,2024-04-01
131,7530011979,رویا,عباسی,2011-06-17,زن,09470120455,"286 هاشمی میدان واحد 627، شهرستان مائده, یزد 22579",A-,سولفانامید,1,2025-01-09
132,0225579413,نگار,خسروی,2006-01-15,زن,09762120216,"72368 رفیعی تونل واحد 772، باغات سارا, خراسان شمالی 04384",,,,2025-10-31
133,9729659028,ترانه,طاهری,1968-01-05,زن,09089935889,"788 علی اكبر دره واحد 858، دهستان ماهان, خراسان رضوی 134074",B-,,4,2023-11-06
134,2890028771,مجید,رضایی,1961-03-08,مرد,09838663177,"1339 علی پور کوه، باغات آوا, خراسان رضوی 0958",,,4,2024-12-09
135,7517016601,داریوش,کاظمی,2011-10-02,مرد,09755037589,"4494 رها کوه، بندر محمدمهدي, ایلام 3253",AB-,,,2025-04-18
136,1130554880,غزاله,نجفی,1998-12-01,زن,09149331637,"94667 عرفان پل واحد 845، دهستان آيلين, آذربایجان شرقی 751",,,,2024-05-17
137,5160917799,داریوش,غفاری,1957-08-18,مرد,09978292216,"3745 زارع میدان، شهر احسان, خراسان 170",AB-,,4,2026-07-25
138,6934654722,پگاه,علوی,1981-08-20,زن,09333945228,"7063 محمدياسين تقاطع، بندر نازنین, کرمانشاه 15206",AB-,,3,2025-05-07
139,8799684608,پدرام,باقری,2005-07-12,مرد,09442043805,"1103 احمدی میدان، شهرستان احسان, مرکزی 051",,سولفانامید,5,2023-11-27
140,3863840666,نگار,شریفی,1979-11-06,زن,09973598933,"1361 نرگس آزاد راه، بندر آوا, کهگیلویه و بویراحمد 2189",B+,,1,2023-11-22
141,2281606481,پگاه,امینی,1988-08-10,زن,09025909479,"5326 نوروزی پل، شرق اميرمهدي, البرز 6565234138",A-,,3,2025-06-10
142,8328182688,بهرام,کاظمی,1992-04-24,مرد,09987801573,"438 علي جزیره، استان محیا, خوزستان 613791",,,5,2025-06-13
143,3056164842,فاطمه,عباسی,1972-11-26,زن,09358112880,"2696 ضابطی چهار راه واحد 109، شمال محدثه, خراسان رضوی 068",B-,,2,2026-06-10
144,6138612078,داریوش,موسوی,2014-07-10,مرد,09934667665,"6188 آتنا پل واحد 183، شهرستان آيلين, گلستان 1463031617",A-,,,2024-08-02
145,9190158148,حامد,محمدی,2009-03-16,مرد,09728326842,"210 محمدامين کوچه سوئیت 758، شرق النا, ایلام 10564",AB-,,1,2026-01-16
146,8821009963,فرزاد,توکلی,1981-04-29,مرد,09222394312,"917 چنگیزی بزرگ راه سوئیت 792، شرق سارا, اصفهان 1380003075",A+,,5,2025-07-08
147,7814141397,هدیه,موسوی,2003-08-31,زن,09357759492,"08635 عرفان آزاد راه، غرب علی اكبر, کرمانشاه 802",AB-,,4,2024-11-26
148,2053364521,بهرام,افشار,1958-12-27,مرد,09812914283,"1744 علیجانی جاده، شهر ستايش, سیستان و بلوچستان 4937597383",A-,,1,2026-02-01
149,8099693086,پریسا,رستمی,1959-09-20,زن,09427881658,"0385 مهسا کوچه، بندر نرگس, خراسان رضوی 3670241038",B-,,5,2024-06-03
150,2827229927,احمد,موسوی,1975-07-27,مرد,09453038567,"1918 اميرمحمد جزیره سوئیت 990، استان مهدیس, خوزستان 45655",,,,2024-10-25
151,0518449890,آزاده,زارعی,1973-10-20,زن,09865577908,"13291 حنانه چهار راه واحد 756، شهرستان حلما, خراسان رضوی 474112",,,2,2024-01-10
152,1843222590,سینا,دهقان,1991-01-12,مرد,09739260302,"52135 چنگیزی خیابان، بندر معصومه, آذربایجان غربی 788317",B+,ید,1,2025-06-10
153,9202428697,سینا,دهقان,1984-07-01,مرد,09236929298,"00323 صارمی پل، غرب النا, کردستان 7215",AB-,,5,2024-10-20
154,9136621031,فرزاد,نیکنام,1967-06-03,مرد,09908811729,"0296 جهانی کوچه، استان علی, چهارمحال و بختیاری 32447",A+,,4,2024-02-17
155,8650863760,فرشته,زارعی,2008-01-03,زن,09149864300,"993 جهانی کوه، شمال سارینا, سمنان 263838",A-,,4,2024-05-04
156,3565126949,آزاده,کاظمی,1973-10-07,زن,09688725887,"578 زارعی آزاد راه واحد 420، باغات يسنا, آذربایجان غربی 07859",AB+,,,2025-02-18
157,6213721381,زهرا,کریمی,2014-05-16,زن,09279611435,"33480 محمدجواد جزیره، شرق مهدیه, خوزستان 5590599293",A+,,,2025-10-08
158,6984902770,مهسا,شکوهی,1984-05-06,زن,09392053021,"70103 النا تونل سوئیت 593، شهر طاها, چهارمحال و بختیاری 00292",,,,2023-10-11
159,5669380118,سعید,مقدم,1976-02-20,مرد,09690426818,"56915 ظفری میدان سوئیت 675، شهرستان عليرضا, کرمان 9264",AB+,,1,2025-02-20
160,8489476977,نوید,محمدی,1961-09-05,مرد,09714163356,"09690 پرهام آزاد راه، استان علی رضا, اصفهان 251355",,,,2026-03-04
161,0434165182,میلاد,شریفی,1975-04-27,مرد,09733343333,"570 مهدیان بلوار، شهر سارا, اصفهان 067",,,1,2025-02-05
162,1179080750,اردشیر,توکلی,1984-12-05,مرد,09463920867,"7658 ابوطالبی تونل، شرق مهدی, کردستان 405",,لیدوکائین,,2024-08-12
163,6271875009,مجید,نوری,2008-02-23,مرد,09843479552,"52621 پرنيا تونل، روستای محمدمهدي, تهران 6201533688",B-,,3,2025-08-13
164,5647292933,سعید,امینی,1989-11-01,مرد,09270267288,"3106 حریریان خیابان واحد 061، استان آرمين, همدان 1032",,,,2026-01-05
165,4489061201,سمیرا,علوی,2007-12-21,زن,09845061593,"1467 ضرغامی جنب، استان ماهان, کهگیلویه و بویراحمد 5652",B+,,3,2025-06-19
166,5587716945,هدیه,پارسا,1998-09-17,زن,09611253554,"7743 نامور خیابان، استان مهسا, گیلان 86938",,,4,2025-06-24
167,4759876227,سامان,کریمی,1989-09-08,مرد,09326111780,"687 طاها تقاطع سوئیت 608، غرب عباس, مرکزی 2332",O+,,,2024-12-31
168,1149216433,زهرا,حسینی,2004-06-02,زن,09557784872,"63294 موسوی پل سوئیت 686، بندر رضا, هرمزگان 998",,,,2026-07-17
169,2997968844,آرش,فرهادی,1991-06-28,مرد,09240082547,"2299 حنانه دره، شهرستان آيدا, لرستان 67997",O-,,4,2026-01-24
170,4064930851,غزاله,خسروی,1965-01-28,زن,09634163894,"6299 مجتهدی جزیره، جنوب هستی, همدان 50544",AB+,,1,2024-12-27
171,2241797499,سارا,عباسی,2001-07-15,زن,09427031207,"132 موحد جاده واحد 469، جنوب حسین, خراسان رضوی 785082",O+,,4,2026-08-03
172,5705120461,سارا,سلطانی,1996-04-04,زن,09673037183,"862 معصومه بن بست سوئیت 030، شمال مليکا, خراسان جنوبی 57861",AB+,,,2025-09-23
173,2088147438,بهاره,طاهری,1938-05-06,زن,09024916300,"7972 محجوب بزرگ راه، شرق رها, گیلان 06029",O-,,2,2024-03-22
174,5132719503,نسرین,اکبری,2007-06-05,زن,09730652407,"334 چنگیزی کوچه، دهستان مهدیس, چهارمحال و بختیاری 0349446657",,,5,2026-04-29
175,7392855743,بهرام,فرهادی,2000-07-05,مرد,09857086209,"4896 اسما بزرگ راه، بندر اميررضا, اصفهان 154544",,,2,2026-07-26
176,5186387827,رضا,حسینی,1979-06-20,مرد,09220317310,"83096 مجتبوی میدان، استان علیرضا, سیستان و بلوچستان 66609",O+,,5,2024-02-17
177,9940539101,محمد,رحیمی,1958-07-11,مرد,09865094801,"387 اشتری تقاطع سوئیت 824، دهستان مبینا, زنجان 2513534655",,لاتکس,,2026-03-19
178,8113863389,پدرام,پارسا,1997-10-29,مرد,09576122868,"1709 محمدپارسا بن بست سوئیت 684، شمال نیایش, ایلام 5697",B+,,5,2025-12-01
179,7558556651,پویا,سعیدی,1993-01-31,مرد,09600490824,"217 هومن چهار راه واحد 007، جنوب پارسا, تهران 2712966667",B-,,3,2025-01-05
180,0488899214,پریسا,زارعی,2003-03-27,زن,09441969315,"83505 نازنین زهرا کوچه، جنوب عليرضا, کرمان 21689",,سولفانامید,,2025-08-24
181,9194096104,احمد,صالحی,1965-01-17,مرد,09060480589,"04478 سعیدی میدان، دهستان حلما, خراسان جنوبی 6033",B-,بی‌حسی موضعی,,2024-04-06
182,6799813643,محمد,علوی,1977-07-04,مرد,09641686227,"098 هانیه بزرگ راه، روستای اميرمحمد, زنجان 9090100167",O-,,5,2026-04-04
183,3898331466,سمیرا,شریفی,2009-06-11,زن,09559042597,"472 عليرضا کوچه، روستای محمدرضا, اصفهان 4992618914",O-,سولفانامید,2,2025-11-28
184,3521103927,سینا,محمدی,2019-02-11,مرد,09538338848,"3934 حلما کوه، شرق ریحانه, یزد 7530",B+,,1,2024-03-18
185,6980420437,کاوه,یوسفی,2013-12-11,مرد,09510463681,"97218 رضا دره، استان آيناز, هرمزگان 47012",,,5,2023-08-21
186,8123878001,زهرا,اکبری,1977-12-08,زن,09554384046,"5611 زهرا میدان سوئیت 557، غرب النا, قم 1667",,,1,2025-10-17
187,8432562165,آرش,هاشمی,1991-01-11,مرد,09957823298,"762 مهدیس خیابان سوئیت 169، باغات محمدحسين, مرکزی 9659",B-,,3,2024-12-08
188,8262925181,پدرام,طاهری,1997-03-01,مرد,09664742312,"7167 ثنا جنب، شمال آراد, خراسان شمالی 88916",AB+,,5,2024-05-28
189,3933051721,نرگس,باقری,1973-05-14,زن,09330604633,"6289 زهرا چهار راه واحد 721، شهر هليا, قم 08386",,آسپرین,5,2025-10-05
190,7573660960,حامد,حسینی,2015-11-13,مرد,09388608680,"77971 پویان آزاد راه، دهستان ياسين, آذربایجان غربی 660",O-,,3,2024-03-14
191,4726490826,یاسمن,میرزایی,2008-11-24,زن,09266570279,"948 محمدمهدي جاده، شهر محیا, خراسان شمالی 589975",,,4,2024-03-22
192,1452111758,الهام,مرادی,2000-01-29,زن,09922220644,"30554 لاچینی دره، شرق نیما, ایلام 149331",,,3,2025-09-21
193,2123094072,یاسمن,دهقان,2019-09-28,زن,09767199038,"3516 عرفان دره، دهستان متين, ایلام 080869",B-,لاتکس,1,2026-05-10
194,5020994510,سپیده,صالحی,1998-05-20,زن,09982795014,"922 امیر علی آزاد راه، روستای ابوالفضل, خوزستان 65472",O+,,4,2025-03-08
195,8147214588,غزاله,شکوهی,1993-10-02,زن,09179469548,"848 عبدالمالکی بن بست سوئیت 394، استان مهدیس, چهارمحال و بختیاری 8515879968",AB-,,5,2023-12-01
196,9787729343,سعید,نیکنام,2019-12-10,مرد,09660558303,"81062 مهدي خیابان سوئیت 424، شرق باران, سیستان و بلوچستان 8057",AB+,,3,2024-04-01
197,4885015561,فرهاد,دهقان,2017-05-08,مرد,09702727857,"863 نیلوفری خیابان، روستای عرفان, قزوین 0043973598",,,1,2024-09-04
198,8495880393,علی,مرادی,1975-07-14,مرد,09682996291,"7212 آرش دره، شمال علی, سمنان 4229405720",,,3,2024-06-04
199,0461735741,پگاه,کریمی,2006-01-29,زن,09780782357,"094 حسنی بزرگ راه سوئیت 583، شهرستان هلیا, تهران 886153",,,,2023-10-19
200,5218230766,وحید,کریمی,2020-02-27,مرد,09570184094,"5439 عقیلی کوچه سوئیت 573، شمال احسان, قزوین 164840",B-,,2,2023-11-02
201,4485714225,نسرین,اکبری,1943-11-11,زن,09854249321,"0435 مهسا چهار راه سوئیت 133، غرب زهرا, مازندران 207",AB-,,1,2026-06-21
202,2070160165,دلارام,شریفی,1962-10-08,زن,09817921717,"10248 محمدجواد بلوار، روستای امیر علی, مرکزی 650618",O-,,2,2025-08-01
203,2945625571,الهام,عباسی,2009-02-09,زن,09599281615,"901 اشتری دره، استان رقيه, گیلان 76607",A-,,5,2026-04-10
204,7696393820,آرش,پارسا,1977-05-01,مرد,09583219719,"68424 محمد پور میدان، شمال اسما, گلستان 8143536822",AB-,,,2026-01-02
205,7246191968,افسانه,رستمی,2013-06-21,زن,09022784699,"431 مهدي خیابان، استان عباس, کردستان 14139",B-,,,2024-10-22
206,5494651908,داریوش,رضایی,2004-03-11,مرد,09085140369,"2314 یاسمین آزاد راه واحد 759، باغات حدیث, کرمانشاه 62053",AB-,,4,2023-12-09
207,6683272387,کیمیا,قاسمی,1967-06-01,زن,09201027621,"5257 پویان بزرگ راه واحد 781، استان ابوالفضل, گیلان 28341",O+,,,2025-03-16
208,9692786870,نازنین,سلطانی,1965-10-13,زن,09846895009,"099 نعمتی بن بست، شهرستان رها, همدان 5639",AB-,آسپرین,1,2023-08-19
209,2847818911,افسانه,مرادی,2010-08-22,زن,09807787956,"8816 اشتری کوچه، باغات اميررضا, تهران 2722992750",AB+,,1,2025-05-04
210,9494079299,مهسا,موسوی,2017-03-12,زن,09442944401,"14530 یوسف بزرگ راه واحد 770، استان هانيه, اصفهان 4498926659",B+,,3,2026-04-22
211,2437280510,احمد,سعیدی,2000-11-29,مرد,09239504102,"3865 صنایعی تونل سوئیت 827، جنوب یلدا, سمنان 2225",O-,,,2025-11-26
212,8366742865,کیمیا,حسینی,1963-02-05,زن,09185694544,"5177 مهدیان چهار راه، شمال فاطمه, اردبیل 9922",,,,2025-05-11
213,9673938520,مهسا,جعفری,2022-07-01,زن,09753443009,"24286 حسام تقاطع، جنوب سبحان, همدان 236929",B-,,1,2023-08-28
214,1192692128,نگار,غفاری,2010-09-14,زن,09542140665,"57991 الناز جزیره سوئیت 103، شرق ابوالفضل, اصفهان 7990",,,,2026-02-17
215,4271739626,سامان,فرهادی,1965-04-29,مرد,09101194707,"2980 دادفر کوه، شمال سينا, مازندران 7659",A+,,,2024-03-08
216,6425690879,سپیده,دهقان,2011-11-04,زن,09198554601,"47314 شادروان بن بست سوئیت 098، شهرستان اسما, کهگیلویه و بویراحمد 5651",AB-,آسپرین,3,2024-11-08
217,3280634611,امیر,حسینی,2009-09-18,مرد,09309376184,"944 نامور بزرگ راه واحد 636، شرق نازنين, همدان 49562",O-,,1,2026-01-16
218,0505061384,فاطمه,امینی,2000-10-17,زن,09707903202,"2138 رودگر آزاد راه، شرق امیر علی, آذربایجان شرقی 279",AB+,,,2024-11-23
219,1792911173,حامد,بهرامی,2012-04-25,مرد,09519825309,"43519 رضا جزیره، باغات محمدمهدي, سیستان و بلوچستان 0277038430",A-,لاتکس,4,2025-12-23
220,2582739022,مریم,احمدی,1972-05-28,زن,09021946723,"053 الینا پل، روستای کيانا, گلستان 938011",AB+,,,2023-09-05
221,6329092796,احمد,شریفی,1982-02-17,مرد,09181958837,"4393 رسولی کوچه واحد 268، شهرستان مریم, سیستان و بلوچستان 18489",,,3,2025-12-08
222,0312772203,مهناز,مقدم,1994-01-01,زن,09010822078,"9735 مجتبوی جاده سوئیت 714، روستای عرفان, خراسان شمالی 5658",B-,,5,2024-12-30
223,9563531531,یاسمن,افشار,1995-01-31,زن,09062397265,"41651 طاها آزاد راه واحد 394، استان محدثه, یزد 3343",B-,,3,2024-10-28
224,3520904217,وحید,باقری,1999-02-16,مرد,09929831687,"95211 محمدحسين تونل، شهرستان ریحانه, همدان 95794",,,,2024-10-27
225,7740633569,محمد,حسینی,2000-10-20,مرد,09780686717,"463 محیا کوه، شهرستان یسنا, کرمان 271875",A-,,1,2023-08-14
226,6325431073,پویا,قاسمی,1961-10-31,مرد,09625701658,"369 آيلين بزرگ راه، شرق عباس, زنجان 4795",O+,,,2023-09-22
227,9893195081,وحید,حسینی,2014-06-11,مرد,09552818325,"6365 رسولی جنب، شرق علی اكبر, ایلام 3143866322",A-,,5,2025-09-26
228,3355486401,شادی,میرزایی,1957-12-07,زن,09847951371,"67288 رودگر تونل، بندر یاسین, خراسان 120347",B+,,,2026-07-17
229,1124127232,آرش,سعیدی,1983-01-13,مرد,09043103856,"545 عقیلی جنب واحد 061، استان ابوالفضل, خراسان جنوبی 9824558771",AB-,,5,2024-04-30
230,8774924249,رویا,باقری,1984-07-20,زن,09928422223,"2256 احمدی پل سوئیت 535، استان ياسمين, سمنان 6475987622",AB-,,4,2024-06-02
231,4523805520,زهرا,بهرامی,1999-11-10,زن,09727520885,"341 مائده جزیره، غرب ثنا, همدان 0068114921",AB+,,3,2025-04-12
232,9297517021,رضا,طاهری,2017-01-12,مرد,09093983430,"34722 سارا خیابان واحد 577، شهرستان حسین, ایلام 2997968845",O-,,1,2024-10-28
233,8637599801,علی,عباسی,2002-01-03,مرد,09554781376,"74564 رقيه کوچه، شهرستان پارسا, ایلام 47807",,,4,2025-08-30
234,6299123478,آرش,یوسفی,1978-07-13,مرد,09628792326,"64930 خسروجردی کوه واحد 632، روستای يسنا, زنجان 638",O-,سولفانامید,3,2025-09-11
235,9478730029,شادی,سلطانی,1960-06-17,زن,09014719597,"846 هلیا چهار راه سوئیت 417، بندر محمدامين, یزد 5020",AB+,,4,2025-03-15
236,1589042905,سمیرا,نجفی,2003-02-08,زن,09504481832,"44270 نازنین میدان، دهستان مبينا, قم 475705",,,2,2024-07-03
237,8554451899,شادی,نجفی,2002-11-17,زن,09521328338,"46187 یاسمین جنب، شمال هانیه, خوزستان 730371",A-,,1,2025-03-02
238,1207545279,حامد,صادقی,1977-05-19,مرد,09322342321,"4520 باران تونل واحد 350، غرب ريحانه, مازندران 02491",A-,سولفانامید,4,2025-04-18
239,6031089076,مهناز,صادقی,2012-03-05,زن,09939325012,"09792 نعمتی پل، شرق علیرضا, گیلان 5005281273",,,,2023-08-25
240,9552893895,لیلا,باقری,2018-11-08,زن,09801387592,"3065 باران خیابان واحد 784، جنوب ایلیا, چهارمحال و بختیاری 5574982182",A-,,3,2024-10-21
241,6638361511,فاطمه,کریمی,1957-02-17,زن,09571647947,"8570 موسوی چهار راه سوئیت 959، شهر حسام, کردستان 6387829456",O+,,4,2025-03-16
242,3175207162,سپیده,رستمی,2010-06-07,زن,09121535396,"81022 ستايش دره، جنوب آیلین, اردبیل 6789940539",O+,,3,2024-05-23
243,9946579677,شادی,زارعی,1962-06-25,زن,09201017026,"71705 صارمی خیابان، شهرستان ریحانه, کردستان 13811",AB-,ید,5,2024-04-10
244,1187734772,سارا,خسروی,2018-07-20,زن,09756770028,"38392 موحد دره واحد 761، شرق عباس, گلستان 5289755855",AB+,,,2026-01-01
245,2762467195,نیما,فرهادی,1959-12-20,مرد,09796954500,"593 الناز جنب واحد 776، شمال مريم, آذربایجان غربی 2404335048",B+,,3,2024-06-19
246,9056165569,پگاه,موسوی,1989-04-14,زن,09415208507,"75224 لاهوتی بلوار، بندر حسنا, گیلان 6931572791",O+,,4,2025-05-04
247,4079056966,مهسا,مرادی,1958-06-30,زن,09294563718,"961 محمدجواد آزاد راه، روستای عرفان, البرز 9060",AB+,ید,4,2024-09-28
248,3919195418,یاسر,هاشمی,1966-05-03,مرد,09846853664,"8925 حدیث خیابان، دهستان اميرمهدي, گیلان 6462",O-,,,2025-07-15
249,8208297372,سمیرا,مقدم,1964-11-02,زن,09232466513,"79086 اشرفی جزیره واحد 227، دهستان ابوالفضل, خراسان جنوبی 9833146591",,,3,2023-12-04
250,2493631234,بهاره,غفاری,1980-12-20,زن,09032420448,"5535 هاشمی کوچه واحد 259، باغات یگانه, مرکزی 335",A+,,4,2026-04-24
251,0015941655,میلاد,توکلی,1970-06-07,مرد,09189847139,"03924 نرگس دره، دهستان محمدپارسا, آذربایجان غربی 38338",AB-,,5,2024-11-29
252,6363212340,سارا,طاهری,2012-11-28,زن,09867342575,"206 سارا چهار راه سوئیت 439، شمال محمدرضا, آذربایجان شرقی 645",,ید,1,2026-07-31
253,0348645181,اردشیر,فرهادی,1971-08-13,مرد,09413432756,"6368 مهديس تونل، شرق فاطمه, هرمزگان 0038457620",,,,2025-10-16
254,1776561244,ترانه,نوری,1978-12-26,زن,09720634591,"4384 آرمين جنب واحد 084، شرق نرگس, گلستان 1689",B-,,,2023-09-29
255,2965772421,مهدی,بهرامی,1984-05-04,مرد,09693008931,"92649 پویان میدان سوئیت 298، شرق هستي, ایلام 292518",,,2,2024-01-23
256,0696942151,پگاه,مقدم,2018-11-09,زن,09713334476,"2056 طلوعی جاده، شرق محدثه, اصفهان 2099",B-,,,2026-01-11
257,4362620443,شادی,قاسمی,1989-02-04,زن,09563669411,"330 اشرفی تونل، شهرستان پرهام, همدان 26772",A+,,2,2026-02-27
258,7599004890,نگار,باقری,1973-06-10,زن,09875721586,"06046 ياسين بن بست، غرب مهدیه, مرکزی 7573660965",A-,,2,2023-10-27
259,7456449481,پگاه,سعیدی,1979-12-07,زن,09032032074,"177 فاطمه جزیره، شهرستان امیر علی, خراسان 4764",O-,,4,2024-06-08
260,0758777124,دلارام,یوسفی,1984-05-13,زن,09993908926,"64908 آریا جاده سوئیت 812، روستای محمد طاها, قزوین 027937",,,4,2024-07-13
261,1504165918,مجید,صالحی,2009-12-15,مرد,09050975923,"2111 هدایت بزرگ راه سوئیت 868، روستای عباس, کهگیلویه و بویراحمد 259",,,3,2026-04-12
262,5018961643,الهام,خسروی,1969-07-03,زن,09642147649,"20644 تحسینی چهار راه، شرق ستايش, آذربایجان شرقی 4077780973",A-,,,2023-09-15
263,8377674998,بهاره,کریمی,1972-10-06,زن,09085732788,"6719 فاطمه جنب سوئیت 022، استان معصومه, اردبیل 0994",O-,,4,2024-08-19
264,4224386496,بهاره,جعفری,2017-11-16,زن,09794549180,"16224 سینا بزرگ راه، غرب کيان, فارس 56168",O-,لاتکس,4,2024-03-11
265,0164597794,وحید,فرهادی,1997-04-24,مرد,09168006102,"2145 سغیری بن بست سوئیت 901، دهستان رضا, سیستان و بلوچستان 954899",O-,,5,2024-08-17
266,7499564126,شیرین,دهقان,2017-08-14,زن,09236831472,"978 جهانی چهار راه، بندر یاسمین, آذربایجان شرقی 071",A+,لاتکس,,2024-08-23
267,7770793343,نوید,غفاری,2014-02-17,مرد,09679984076,"0558 زهرا بن بست واحد 414، شهرستان عباس, قزوین 155",O-,,1,2023-08-20
268,8069581468,بهرام,شریفی,1975-12-30,مرد,09757383959,"35577 اميرعباس میدان، شرق آرمين, هرمزگان 5760849588",,,4,2026-01-13
269,2466572931,هدیه,افشار,1959-06-15,زن,09167433800,"551 آتنا کوچه، روستای آرمين, تهران 9629145046",AB+,,2,2024-07-23
270,2801561932,فرشته,علوی,1987-02-20,زن,09428910771,"57438 جلیلی دره واحد 031، شهرستان زینب, همدان 2357845218",,,,2025-07-31
271,9180812139,سینا,جعفری,1982-08-17,مرد,09255213760,"076 اسما تقاطع، استان محمدپارسا, گیلان 70184",O-,,,2026-01-24
272,8214565324,آرش,مقدم,1991-06-03,مرد,09850720811,"353 فاطمياسارينا جنب واحد 714، شرق کوثر, البرز 988",O+,,2,2025-12-29
273,6060290841,نگار,شکوهی,1982-03-07,زن,09926738997,"585 ایروانی تقاطع، شرق مریم, فارس 5870207016",O+,,3,2025-07-08
274,1085628841,الهام,محمدی,1980-11-21,زن,09089434681,"6299 معین بزرگ راه، شهر فاطمه, گیلان 921717",,,,2025-07-01
275,4851017499,احمد,اکبری,1989-10-19,مرد,09449268315,"3329 شمشیری جزیره سوئیت 557، شمال ثنا, همدان 577",B-,,,2026-07-31
276,5712661101,مهسا,بهرامی,1992-12-26,زن,09988649767,"9928 امیرحسین دره واحد 814، روستای محمد, لرستان 9382",O-,,4,2024-01-10
277,2282772881,سمیرا,صادقی,1960-08-03,زن,09961159408,"53966 ضابطی بلوار سوئیت 197، باغات محمدپارسا, هرمزگان 81724",AB-,,,2024-06-20
278,5447022967,شادی,احمدی,1984-04-25,زن,09185106794,"196 جهانی خیابان، جنوب آوا, آذربایجان شرقی 2784",AB-,,,2024-08-12
279,7922877722,فرهاد,میرزایی,1968-02-01,مرد,09074120948,"35494 عبدالمالکی بزرگ راه سوئیت 909، شرق اسرا, خراسان 80085",A-,,,2024-11-22
280,9890983788,احمد,رستمی,1997-08-01,مرد,09718956907,"36965 رسولی جزیره واحد 832، شرق محدثه, کهگیلویه و بویراحمد 62422",,آسپرین,,2025-02-17
281,2608564119,رضا,امینی,1984-06-01,مرد,09462095200,"027 هنری پل، استان عرفان, هرمزگان 6927868765",A-,,4,2024-08-12
282,5461033997,مینا,مقدم,1956-02-05,زن,09861706304,"9097 سجاد جنب، شهرستان محمدجواد, کرمانشاه 097",A-,,5,2024-03-26
283,2496718322,نسرین,سعیدی,1988-11-10,زن,09007942007,"712 زنجانی پل، جنوب محمدپارسا, کردستان 9490580778",AB+,,,2025-12-18
284,6539840284,میلاد,علوی,1969-08-25,مرد,09463985547,"5442 عليرضا تقاطع واحد 079، باغات محیا, سیستان و بلوچستان 0471281442",AB-,,,2024-04-11
285,7950209704,داریوش,کریمی,1967-11-07,مرد,09180715695,"0192 متين جاده واحد 243، شرق علی اصغر, اردبیل 12927",A+,لیدوکائین,,2026-05-01
286,3703045310,محمد,یوسفی,1992-04-14,مرد,09793036149,"72395 آريا جنب سوئیت 027، دهستان رقيه, همدان 3667428604",B+,,,2026-05-11
287,9992192127,کیمیا,محمدی,1990-11-18,زن,09894870605,"580 آرین بزرگ راه واحد 945، بندر آیلین, زنجان 6739385258",O+,,5,2025-02-15
288,7758030467,شهرام,محمدی,1970-05-10,مرد,09361332541,"06181 زارعی بلوار، بندر یاسمین, اردبیل 910",A-,آسپرین,1,2025-06-19
289,9543173508,یاسر,سعیدی,1990-07-06,مرد,09911006512,"119 الناز چهار راه، شرق باران, سیستان و بلوچستان 174654",O-,ید,,2026-01-18
290,6110804665,رویا,غفاری,1990-10-10,زن,09991507859,"0665 رها جنب، دهستان هلیا, یزد 9627",A-,بی‌حسی موضعی,1,2023-08-25
291,9392845677,بهرام,رستمی,1989-06-03,مرد,09685498227,"639 حسین جنب، شمال مریم, کردستان 4707200642",AB-,,1,2023-11-02
292,8920388067,شادی,مقدم,1995-07-07,زن,09959959465,"087 سعیدی جزیره سوئیت 830، دهستان هانیه, کرمان 46015",O-,,1,2025-07-03
293,7303379339,دلارام,احمدی,1978-02-04,زن,09501508124,"4328 بهار بن بست، روستای حنانه, کرمان 173203",AB-,پنی‌سیلین,2,2024-09-27
294,3423425830,نرگس,خسروی,1990-06-22,زن,09153473552,"6184 پارسا جاده، شمال پرنيا, خراسان 06138",,,,2023-09-15
295,9611223382,فرشته,نیکنام,1965-09-27,زن,09938425304,"931 آرش میدان، استان نازنین زهرا, همدان 0320204179",,,,2024-12-16
296,9731791280,مینا,رحیمی,1972-12-04,زن,09877749690,"17993 ستايش کوه، استان كیان, قزوین 982",B-,,2,2026-07-01
297,6346692542,احمد,رستمی,2010-03-09,مرد,09078956776,"92511 ایروانی کوه، شهر پارسا, تهران 390219",O-,,4,2026-01-30
298,0273415141,رضا,رحیمی,2010-03-19,مرد,09083535444,"71002 آراد تقاطع، دهستان عليرضا, ایلام 2487",B+,,5,2024-11-12
299,4044566909,غزاله,کاظمی,2001-01-18,زن,09738987751,"90927 آرمين تقاطع، روستای اسما, خوزستان 1819",B-,,4,2024-11-12
300,3778052926,بهاره,غفاری,1956-09-17,زن,09684590902,"3403 نیایش تونل، شرق الینا, اردبیل 543",AB-,,5,2025-07-30
301,9966361863,سارا,علوی,1962-09-26,زن,09209702316,"9701 امیرمهدی چهار راه سوئیت 078، غرب ريحانه, مرکزی 9563531531",B-,,5,2025-04-18
302,1705802567,مریم,خسروی,2003-11-08,زن,09323467299,"63179 حمیدی کوه سوئیت 397، روستای النا, ایلام 354352",,,5,2025-12-07
303,7430271693,میلاد,کریمی,1957-12-28,مرد,09475469263,"2177 جلالی آزاد راه، بندر پرهام, تهران 2983168739",O+,,2,2026-03-08
304,9160324848,پدرام,علوی,1931-05-08,مرد,09151185672,"0633 سعیدی بلوار سوئیت 906، شمال محمدپارسا, اردبیل 867177",A+,,1,2026-05-10
305,7656360042,مریم,کریمی,1978-09-06,زن,09837274220,"063 حلما تقاطع، استان نازنین, آذربایجان غربی 427990",B+,,5,2026-03-11
306,6210427529,فاطمه,شکوهی,1936-11-26,زن,09164709006,"62570 بهار آزاد راه سوئیت 464، استان فاطمه زهرا, قم 850",,,3,2024-10-19
307,3310600531,محمد,نجفی,2010-09-01,مرد,09815583938,"7905 جلیلی پل سوئیت 253، استان سجاد, خراسان رضوی 5548",O+,لاتکس,1,2024-07-12
308,5520650632,افسانه,کاظمی,1987-09-15,زن,09649718924,"15577 محمدپارسا تقاطع واحد 951، دهستان سارینا, گیلان 241124",,,4,2025-08-28
309,2525715098,وحید,صادقی,1990-11-28,مرد,09436391025,"2380 کریمی میدان، شهر محمد, مرکزی 431",B-,لاتکس,1,2023-08-31
310,3975245085,فرهاد,مرادی,1984-08-01,مرد,09338033968,"569 ملکیان آزاد راه، باغات دانيال, مرکزی 492424",O-,,,2024-11-15
311,1713023210,غزاله,مقدم,1994-04-13,زن,09423362934,"4025 ترکاشوند چهار راه سوئیت 842، استان حدیث, تهران 1059",O-,,2,2026-06-08
312,4715662779,آزاده,غفاری,1965-05-31,زن,09149828246,"5238 دانيال آزاد راه واحد 257، شهرستان رقيه, البرز 672",O-,,5,2026-04-17
313,9715273238,آزاده,رحیمی,1972-12-08,زن,09674916016,"08854 تنزیلی میدان واحد 517، شرق محمدحسين, البرز 06937",,سولفانامید,,2025-11-09
314,6458750668,یاسر,امینی,2016-02-02,مرد,09497243992,"0939 کيان جنب، شمال ملیكا, مرکزی 863",A-,,4,2023-09-30
315,6918362641,پدرام,کریمی,1971-10-21,مرد,09195243640,"980 رستمی میدان واحد 565، بندر آيدا, کرمان 78137",,,1,2025-04-25
316,1168646227,سارا,سعیدی,1994-12-05,زن,09932302346,"2662 اسرا بن بست واحد 785، باغات عباس, کهگیلویه و بویراحمد 064",A-,,2,2024-08-10
317,1416141502,علی,رستمی,2008-08-03,مرد,09013806984,"792 الناز جزیره، شهرستان امیرعباس, اردبیل 94787",,,3,2023-12-07
318,9655553566,نازنین,بهرامی,1978-02-27,زن,09209184357,"24471 کریمی چهار راه، استان فاطمه, آذربایجان غربی 471",O-,,2,2024-02-25
319,0505057395,پگاه,دهقان,2010-02-10,زن,09164932898,"647 النا کوچه واحد 290، شهر آریا, ایلام 20456",O-,,,2025-12-27
320,4872717831,زهرا,باقری,2009-06-14,زن,09564347128,"4818 کيان چهار راه، باغات اميرمهدي, تهران 5544518952",O-,بی‌حسی موضعی,,2026-01-10
321,5399156687,رضا,صادقی,1991-04-20,مرد,09159319525,"457 زارع چهار راه، جنوب حدیث, خراسان شمالی 8988",,,1,2025-01-15
322,4098366551,علی,میرزایی,2003-11-16,مرد,09752437729,"1120 زارعی تقاطع واحد 279، شرق علي, فارس 132",A+,,3,2024-10-31
323,8149737464,فاطمه,نوری,2001-04-24,زن,09764208656,"2321 نیلوفری دره، شمال بنيامين, همدان 031089",AB-,,4,2024-11-06
324,1844386120,الهام,پارسا,2013-08-08,زن,09277423330,"40140 هانیه بن بست سوئیت 250، شرق علي, سمنان 5528938911",A-,,2,2025-04-17
325,6620157203,ترانه,بهرامی,1976-10-16,زن,09301367492,"342 رضا دره، شهرستان علي, همدان 92712",O+,,,2026-01-08
326,1764750111,غزاله,جعفری,1992-07-31,زن,09926764921,"3836 پارسا آزاد راه سوئیت 718، دهستان محمدعلي, کرمانشاه 80157",B+,,1,2026-04-12
327,6888718980,وحید,نوری,2005-04-24,مرد,09087510293,"7947 پارسا کوه واحد 631، استان نازنين, چهارمحال و بختیاری 716",A-,,1,2024-03-31
328,1184582602,یاسمن,افشار,1957-03-23,زن,09585988310,"26691 ثنا بزرگ راه، شهر ستايش, گلستان 367",B-,سولفانامید,2,2026-08-01
329,2983954293,مریم,فرهادی,1987-01-30,زن,09628314359,"657 صنایعی جنب سوئیت 711، دهستان علیرضا, خراسان شمالی 0101",B+,,2,2024-07-03
330,5660931413,کامران,مرادی,1968-07-15,مرد,09423401636,"69524 پارسا پل، دهستان ستايش, سیستان و بلوچستان 784858",,,1,2025-06-08
331,2849718599,پدرام,خسروی,2008-07-14,مرد,09258896792,"1675 عباسی جاده، شمال مهدیه, فارس 7624",B+,,2,2024-07-18
332,6940539670,بهاره,شکوهی,1960-12-05,زن,09341465111,"97889 تهرانی چهار راه سوئیت 647، باغات محمدحسين, کرمان 50090",,,2,2025-03-13
333,9014870681,نیما,احمدی,1956-11-30,مرد,09930685389,"9056 علی بزرگ راه واحد 650، جنوب ريحانه, فارس 1141520850",O-,,5,2026-07-29
334,3215285061,نازنین,صادقی,2006-02-16,زن,09447443096,"864 سينا تونل سوئیت 569، شهر علی اكبر, اصفهان 135785",AB+,,,2024-12-27
335,8079705097,الهام,بهرامی,2007-08-06,زن,09501673188,"6371 فاطمياسارينا جنب سوئیت 496، باغات ياسين, گیلان 1954198763",,,,2025-07-20
336,7024376546,رویا,باقری,1986-06-19,زن,09256053134,"484 ضرغامی آزاد راه، روستای كیان, زنجان 8782082973",O+,,3,2026-01-18
337,0237416786,پگاه,خسروی,2004-02-24,زن,09211022580,"896 رضا بن بست واحد 723، استان محمدعلي, فارس 651364",,,3,2025-10-30
338,6906744712,پدرام,صادقی,2000-11-21,مرد,09436371892,"9363 نیایش بن بست، جنوب هستي, هرمزگان 866032",B+,,2,2024-08-20
339,6043260931,پریسا,زارعی,1970-11-22,زن,09567086041,"44820 رودگر کوچه، غرب مهديس, فارس 651",AB+,,4,2025-04-22
340,3502000530,شادی,رحیمی,2007-12-31,زن,09541108255,"19818 جهانی پل، باغات هانیه, قزوین 96363",,,5,2024-08-16
341,8953439612,پویا,جعفری,2005-07-18,مرد,09189547382,"34764 امیرعباس بزرگ راه، شهر ماهان, مازندران 342575",B-,,3,2024-08-28
342,8557161761,امیر,عباسی,2018-05-12,مرد,09090367881,"900 باران جزیره، استان محمدامين, کرمانشاه 837",O+,,4,2025-02-15
343,6943202936,بابک,فرهادی,1957-12-30,مرد,09434481230,"4413 مهدیان چهار راه، استان محيا, لرستان 417",AB+,لاتکس,3,2026-05-31
344,2403381055,آرش,نیکنام,1979-07-04,مرد,09450053424,"6124 کيانا کوه واحد 700، استان حسین, ایلام 634",,,5,2025-01-25
345,1649837356,غزاله,غفاری,1970-05-30,زن,09527172722,"23829 وثاق جاده، شرق رها, چهارمحال و بختیاری 5431652669",O-,,2,2026-02-02
346,4042269311,مهسا,قاسمی,1961-09-23,زن,09091660100,"89317 محدثه چهار راه، روستای آرتين, مازندران 4215291086",A-,,5,2025-11-05
347,0018513271,احمد,رضایی,2000-03-05,مرد,09848100184,"33344 صیادی میدان واحد 393، استان محدثه, لرستان 6204",O+,لاتکس,1,2025-06-13
348,3662543613,هدیه,مرادی,1992-06-20,زن,09151092268,"735 اشرفی کوچه، شرق هانيه, گلستان 6694",B+,,2,2025-03-03
349,4945147541,امیر,طاهری,2011-08-06,مرد,09267711964,"005 محمدپارسا بزرگ راه، شمال باران, کهگیلویه و بویراحمد 65280",AB-,,,2024-06-03
350,2655767691,داریوش,میرزایی,1989-01-28,مرد,09788361968,"87572 محيا کوه سوئیت 415، شرق علیرضا, سمنان 64494",B-,,2,2025-12-08
351,5030587217,نازنین,علوی,2003-03-12,زن,09633302126,"57287 محدثه میدان سوئیت 320، بندر سوگند, هرمزگان 170758",,,4,2026-03-03
352,5019179205,دلارام,نجفی,1989-07-04,زن,09227284765,"1215 زهرا تقاطع سوئیت 284، باغات اسما, چهارمحال و بختیاری 137150",A+,,2,2023-08-29
353,0092820662,احمد,غفاری,1986-10-25,مرد,09241862369,"5915 سارا پل، استان سجاد, هرمزگان 90509",O+,,5,2026-05-27
354,9177566203,کامران,صالحی,1996-03-25,مرد,09503428113,"923 آريا تقاطع واحد 018، غرب كیان, زنجان 3610",AB+,,2,2024-03-13
355,0341990973,آزاده,توکلی,1981-08-10,زن,09356521568,"6421 صنایعی کوه، استان پرهام, ایلام 15837",B+,سولفانامید,,2025-08-03
356,6790422714,مهدی,توکلی,1991-04-24,مرد,09898572545,"4996 عباس کوه واحد 926، غرب ریحانه, قم 327881",O+,بی‌حسی موضعی,,2024-05-18
357,6339912974,رویا,طاهری,1983-11-07,زن,09242149551,"1742 اميررضا تقاطع سوئیت 864، شهرستان یلدا, اردبیل 1866179454",O-,,4,2024-01-29
358,4721970544,هدیه,طاهری,2003-12-27,زن,09516874090,"72260 عرفان تقاطع، باغات رضا, هرمزگان 945232",,,5,2025-08-24
359,0214629619,نسرین,مقدم,2009-02-10,زن,09112166365,"168 اسما جزیره سوئیت 027، روستای متين, یزد 99564",AB-,,4,2026-03-15
360,3714708278,مهناز,رحیمی,2015-10-03,زن,09673030644,"03103 مائده تونل، استان هليا, مازندران 3147276012",A-,لیدوکائین,4,2025-09-20
361,1476834202,بهاره,دهقان,1977-03-16,زن,09782659608,"7079 ستايش تقاطع واحد 050، استان سجاد, مازندران 799840",,,1,2024-07-05
362,9925502721,رویا,قاسمی,1968-04-05,زن,09791033682,"8997 سجاد خیابان سوئیت 695، بندر اميرعباس, لرستان 179576",B-,,2,2026-07-05
363,9055044814,حامد,میرزایی,1962-01-20,مرد,09685127652,"3757 محمدامین بلوار، باغات طاها, هرمزگان 4665",B+,,4,2025-11-21
364,4649111102,بابک,رستمی,1956-10-05,مرد,09046337861,"341 بهرامی چهار راه، شرق ابوالفضل, یزد 674",O-,,3,2024-02-24
365,7660538446,اردشیر,نجفی,1966-09-08,مرد,09000258955,"005 ربانی چهار راه، شهرستان یسنا, کردستان 61931",O+,,4,2024-12-10
366,3960962622,مهناز,قاسمی,1999-12-30,زن,09819648253,"5508 حریریان دره سوئیت 771، باغات سبحان, اصفهان 0812135247",A+,,5,2024-11-19
367,2098196024,احمد,هاشمی,1975-05-13,مرد,09383640412,"55213 کریمی کوچه، دهستان نرگس, سیستان و بلوچستان 2145653286",A-,ید,1,2024-12-06
368,1244211753,سینا,موسوی,2007-11-30,مرد,09366572240,"6678 رضا زاده جاده، شمال طاها, کردستان 556",,,5,2023-09-17
369,0155799800,مهسا,توکلی,2005-05-02,زن,09235130523,"60290 کریمی جزیره واحد 550، شهرستان سبحان, بوشهر 738997",B+,,4,2023-10-03
370,3158477688,فرزاد,یوسفی,1988-05-16,مرد,09619942376,"41085 فرجی میدان واحد 318، شهرستان نرگس, تهران 089",,,3,2024-09-12
371,5919663952,مهسا,فرهادی,2011-12-20,زن,09964985601,"6810 شاکری بزرگ راه، شمال عباس, البرز 490753",AB-,,,2024-07-11
372,2531355251,مهناز,طاهری,2019-02-18,زن,09381649383,"4926 نرگس آزاد راه سوئیت 571، روستای محمد طاها, گیلان 062",AB+,,1,2024-10-14
373,9665533071,هدیه,طاهری,1967-06-18,زن,09963904090,"1586 شاکری تونل، دهستان آرين, یزد 228277",,,4,2024-04-14
374,0880501715,نیما,کریمی,1982-03-27,مرد,09857906477,"377 علي چهار راه، غرب پرهام, لرستان 159",,,,2025-05-14
375,1591030021,غزاله,رحیمی,1965-04-25,زن,09800401041,"215 صارمی تقاطع، دهستان سارا, بوشهر 9604",O+,,2,2024-07-17
376,2971252965,مجید,طاهری,1989-10-21,مرد,09731441583,"70185 آیناز کوه، باغات هستي, مرکزی 67922",B-,,1,2026-04-08
377,7030376374,نازنین,توکلی,1980-03-08,زن,09123567983,"725 علي کوه واحد 365، استان حسین, سمنان 209",,,3,2026-02-18
378,6249127119,مهسا,سعیدی,1997-03-27,زن,09541815632,"813 ایلیا بن بست، شهرستان نازنین زهرا, البرز 2043397189",O+,,1,2023-10-01
379,7451066347,سارا,رضایی,1984-11-15,زن,09313100943,"070 سعیدی چهار راه واحد 085، بندر نازنین, البرز 824",A-,,5,2026-05-10
380,6661347325,حسین,نوری,1983-08-18,مرد,09897432512,"1246 باران آزاد راه، شمال سجاد, خراسان 61526",O-,پنی‌سیلین,4,2025-03-15
381,6502412092,فاطمه,محمدی,2019-11-28,زن,09943882211,"1033 نیما جزیره سوئیت 405، شهرستان متین, کردستان 063048",AB-,,3,2024-12-22
382,8474570549,میلاد,محمدی,1959-06-24,مرد,09263257039,"249 پویان پل، شرق النا, تهران 8687",,,3,2025-02-06
383,3136148789,نگار,هاشمی,1976-02-28,زن,09309859167,"9420 امیررضا جنب، استان نيايش, کرمان 9840",AB-,,1,2025-10-12
384,7272849827,لیلا,رستمی,1983-08-07,زن,09107406500,"1612 سعیدی بن بست، استان نرگس, زنجان 435537",AB-,,5,2026-02-18
385,8214236916,افسانه,جعفری,1978-04-10,زن,09449429659,"209 محمدی کوچه، روستای حسام, یزد 811807",B-,,4,2025-10-03
386,8344149789,سپیده,طاهری,1965-06-30,زن,09857567667,"9562 هانیه جاده واحد 370، شمال پارسا, سمنان 31943",A+,,4,2024-05-13
387,1294398520,کاوه,احمدی,1983-07-18,مرد,09787010415,"0479 اسما بن بست واحد 149، شرق پارسا, خراسان جنوبی 9921921249",AB+,,3,2025-10-16
388,0198038283,بهرام,احمدی,1991-09-01,مرد,09793110291,"08948 محمدی کوه سوئیت 566، غرب احسان, هرمزگان 580304",B-,,4,2024-06-15
389,0876014678,وحید,صادقی,1986-10-04,مرد,09620223288,"0635 علی اكبر کوچه سوئیت 613، شرق حنانه, فارس 107",O-,,,2026-01-19
390,1975466179,آزاده,احمدی,2017-03-13,زن,09940970527,"543 طاها بلوار، شمال مهسا, خوزستان 997",,,1,2026-02-25
391,2588358683,نازنین,قاسمی,1974-09-15,زن,09446176792,"110 الناز آزاد راه سوئیت 207، بندر سبحان, مازندران 108",AB+,لیدوکائین,5,2025-06-28
392,9599610024,پریسا,سلطانی,1956-09-07,زن,09126610941,"6196 محمد کوچه واحد 676، شهر محمدياسين, آذربایجان غربی 859311",A-,,3,2026-04-05
393,9025176291,میلاد,باقری,1958-01-08,مرد,09683190130,"392 ربانی کوه، باغات حسین, چهارمحال و بختیاری 2002",,,3,2025-03-11
394,6981528738,فرزاد,علوی,1959-12-07,مرد,09217661912,"549 یگانه تونل واحد 954، شمال یوسف, بوشهر 388",,,1,2025-07-25
395,7309850343,رضا,میرزایی,1975-07-13,مرد,09938984690,"3331 خسروجردی تونل واحد 959، باغات حسنا, لرستان 21707",A-,,,2024-06-22
396,4005643507,مریم,پارسا,1977-09-10,زن,09905169918,"337 هليا تونل، روستای زهرا, گلستان 0501",B+,,1,2023-12-09
397,1078356742,ایمان,شریفی,1991-08-02,مرد,09896087066,"124 خسروجردی بزرگ راه، شمال فاطمه, خراسان جنوبی 23425",O+,,5,2023-11-25
398,2171955351,غزاله,میرزایی,1994-06-25,زن,09900301027,"02410 نيايش دره، جنوب اسما, هرمزگان 5528",A+,,5,2023-08-24
399,3429671116,نازنین,زارعی,1956-08-24,زن,09745843845,"22338 نیلوفری بزرگ راه، باغات علی, خوزستان 993",A-,آسپرین,,2025-08-04
400,9741328346,سامان,سعیدی,1973-06-05,مرد,09710704496,"3042 مهدیان پل، استان اميرحسين, کردستان 8685",A-,سولفانامید,,2023-10-16
401,9670667038,فاطمه,میرزایی,1964-11-19,زن,09509549305,"55877 سلطانی جزیره سوئیت 333، جنوب ابوالفضل, خراسان رضوی 66925",,,4,2023-11-19
402,0186487691,اردشیر,سلطانی,1987-05-22,مرد,09204413845,"14785 اميرعلي خیابان، شهرستان علي, قم 776657",A+,,3,2025-09-22
403,4490149549,کامران,دهقان,2017-12-23,مرد,09836091498,"0273 قاضی پل واحد 148، بندر زينب, اصفهان 150",A-,,3,2023-08-22
404,4472322900,یاسمن,طاهری,1996-08-25,زن,09083044058,"54443 اميرمهدي جنب سوئیت 445، روستای بنیامین, آذربایجان شرقی 826333",,,,2026-06-06
405,5118718139,نرگس,محمدی,1967-07-13,زن,09595565749,"987 زارع پل، جنوب علی, لرستان 7780",AB-,لاتکس,,2025-12-24
406,9019358898,امیر,خسروی,1971-10-23,مرد,09113989868,"240 ضرغامی بزرگ راه، جنوب محمد, مازندران 845909",,,5,2023-10-09
407,0978875435,کامران,زارعی,1989-02-25,مرد,09751376515,"59999 صیادی بن بست، غرب آرین, کهگیلویه و بویراحمد 7159",A-,,,2024-12-13
408,7937639288,مینا,طاهری,2002-10-03,زن,09116682973,"21820 رضا زاده چهار راه سوئیت 164، جنوب ياسمين, کردستان 058025",,,,2025-01-18
409,0216487129,امیر,توکلی,2016-08-17,مرد,09866526834,"12867 امیر علی بن بست سوئیت 346، شرق پرهام, فارس 3874302716",AB-,,,2024-07-10
410,9101576763,افسانه,احمدی,2003-05-08,زن,09995765728,"777 آرش پل واحد 754، باغات معصومه, لرستان 2967",,,1,2026-06-12
411,3475098891,الهام,امینی,1984-03-01,زن,09036849951,"916 هليا چهار راه، استان امیرمهدی, سیستان و بلوچستان 376",B+,لیدوکائین,4,2025-09-28
412,7324491340,نسرین,میرزایی,1999-07-27,زن,09307053496,"18567 باران بن بست سوئیت 701، روستای نرگس, گلستان 6004",,,,2023-10-24
413,7411767417,احمد,موسوی,2006-02-08,مرد,09528547815,"7771 عباس بلوار، شرق محمدپارسا, سمنان 2091",,پنی‌سیلین,5,2024-01-12
414,5380032966,حامد,نوری,1995-03-29,مرد,09742318306,"86210 حریریان جاده واحد 230، دهستان سينا, خراسان 1647090063",B-,,1,2026-03-23
415,6496935785,سینا,بهرامی,1982-04-18,مرد,09958741314,"31060 پرنيا بن بست سوئیت 312، شمال عرفان, اصفهان 58393",O-,,4,2025-03-24
416,1275156274,مجید,توکلی,1967-09-01,مرد,09360854566,"33155 عسل جزیره واحد 063، جنوب ثنا, سمنان 5013649718",,,3,2024-11-26
417,0473504766,هدیه,نیکنام,1993-09-25,زن,09529800615,"95625 عرفان آزاد راه واحد 150، روستای مبین, خراسان شمالی 9030914363",,,,2024-03-16
418,8108358329,فرهاد,نجفی,1991-03-17,مرد,09383000818,"57432 مهدیان خیابان، باغات حسین, قم 4508",O-,لیدوکائین,,2024-06-29
419,4033041664,غزاله,نجفی,1986-07-01,زن,09008921963,"35533 دانيال بلوار سوئیت 968، شرق حسین, آذربایجان شرقی 713",,,3,2024-01-07
420,6804473140,آرش,علوی,1972-03-20,مرد,09474883607,"21298 ريحانه پل، دهستان هستي, تهران 3629",,,5,2025-12-30
421,1739063759,مریم,جعفری,1981-02-25,زن,09823793126,"9734 اشرفی بزرگ راه واحد 627، روستای محمدامین, مازندران 7066",O-,,,2024-05-24
422,9307464529,فرشته,علوی,1968-08-15,زن,09787535778,"828 سارا جزیره واحد 474، شهرستان ابوالفضل, همدان 527",A-,,4,2025-02-03
423,1620281236,مهناز,شکوهی,2016-01-01,زن,09728660416,"00857 کریمی جزیره، روستای امیرعباس, فارس 1601692364",,,3,2026-05-14
424,8595922489,سعید,مرادی,1972-11-24,مرد,09228705622,"506 همدانی بلوار سوئیت 705، استان اميرعباس, بوشهر 97243",A+,,2,2024-12-30
425,3187510973,علی,شریفی,1941-11-11,مرد,09446945964,"16691 دانیال چهار راه، بندر عليرضا, فارس 8694611952",B-,لاتکس,1,2024-11-08
426,3424912891,علی,زارعی,1984-10-02,مرد,09319222705,"640 امیرعباس کوچه، غرب بنيامين, لرستان 6462252237",A+,سولفانامید,4,2026-03-30
427,6754813865,مینا,شکوهی,1960-02-20,زن,09193242687,"9323 علي چهار راه، بندر متین, مرکزی 1214161415",AB+,,,2025-05-03
428,8652057567,غزاله,احمدی,1996-01-28,زن,09375830945,"7100 کمالی کوچه، غرب نازنين, آذربایجان شرقی 984775",AB-,,5,2025-09-08
429,0940476045,ترانه,مقدم,1950-08-07,زن,09727810509,"5535 صیادی خیابان واحد 510، روستای رضا, ایلام 918",,بی‌حسی موضعی,,2026-03-25
430,2216107050,کیمیا,طاهری,1995-09-10,زن,09295806601,"7978 ضرغامی بن بست، استان هانيه, آذربایجان غربی 05739",B+,,1,2023-09-07
431,2704938628,حسین,مرادی,2020-02-27,مرد,09791971112,"915 تهرانی دره واحد 493، شهرستان علی اكبر, اردبیل 7148",,,5,2025-02-14
432,0203571347,سامان,عباسی,1996-06-04,مرد,09242956334,"1783 نازنين چهار راه، غرب امیرمحمد, آذربایجان غربی 5643",,لیدوکائین,3,2025-04-30
433,7417595588,یاسمن,کاظمی,1999-07-23,زن,09654358841,"128 علیجانی آزاد راه سوئیت 991، روستای طاها, کهگیلویه و بویراحمد 6334141115",B-,,4,2025-10-01
434,4018272790,نازنین,احمدی,2016-02-22,زن,09267551254,"525 حسنی کوچه، شمال محمد, خراسان جنوبی 655289",B+,,4,2024-03-05
435,9799667348,اردشیر,زارعی,1958-09-07,مرد,09816649690,"0875 اسرا بلوار، استان سینا, بوشهر 4209548149",B+,,5,2025-11-02
436,8392250141,علی,امینی,1975-12-25,مرد,09324412336,"4605 طاها بن بست، شمال بنيامين, چهارمحال و بختیاری 642086",B-,ید,3,2025-10-22
437,0725178639,حسین,خسروی,1960-08-23,مرد,09252654696,"756 احمدی تقاطع واحد 386، شرق هانيه, خراسان 72927",AB-,,,2024-12-13
438,9039235554,نرگس,افشار,1947-02-01,زن,09303461562,"33305 محمدحسين میدان واحد 620، شهر طاها, چهارمحال و بختیاری 185",AB+,,4,2024-01-09
439,0462268179,علی,باقری,2007-09-07,مرد,09529867076,"630 هليا جزیره، بندر آرين, چهارمحال و بختیاری 176475",A+,,,2025-11-09
440,4197857586,نوید,کریمی,1998-01-05,مرد,09205943897,"11783 ايليا تونل، غرب محمد, چهارمحال و بختیاری 764921",O-,,,2026-07-27
441,1775095460,سمیرا,نجفی,2016-11-01,زن,09075409150,"826 پرهام تونل، شهرستان اميرعلي, البرز 1292",O+,,1,2025-02-01
442,8122764576,محمد,امینی,1962-07-30,مرد,09916815466,"1029 محمدمهدي چهار راه سوئیت 840، غرب محمدامین, فارس 82603",AB+,,1,2024-01-07
443,6139449881,اردشیر,غفاری,2014-01-27,مرد,09424809624,"487 محمدجواد تونل، شهرستان کيانا, خراسان رضوی 030",O+,,4,2026-03-29
444,2447951337,هدیه,مقدم,2011-09-28,زن,09969586780,"3298 محمد بزرگ راه، شرق يوسف, مازندران 844",AB-,,4,2025-03-15
445,2773826469,سمیرا,کریمی,2009-09-18,زن,09385445770,"7146 امیرمهدی بن بست، استان ماهان, سمنان 5989",B+,,5,2026-04-26
446,6604873684,سارا,پارسا,2005-06-20,زن,09422686536,"56609 یلدا جنب سوئیت 818، غرب حنانه, گیلان 54234",,,3,2025-10-22
447,1588863670,علی,میرزایی,1963-05-31,مرد,09572169666,"3611 احسان تقاطع، غرب علی اصغر, کرمان 4849102562",A+,,2,2024-08-01
448,9981996051,علی,صالحی,1959-09-04,مرد,09688327532,"9240 متين میدان سوئیت 694، استان نازنين, خوزستان 6727578446",B-,,,2024-02-06
449,4103977396,مهناز,صالحی,1997-12-17,زن,09523710068,"146 علیجانی پل سوئیت 312، غرب ياسين, سیستان و بلوچستان 7068277881",,,1,2026-05-24
450,6481980771,اردشیر,توکلی,1973-07-27,مرد,09761124912,"306 سمسار خیابان، شرق ساميار, خراسان شمالی 1528",AB-,لاتکس,4,2025-08-17
451,3415177343,هدیه,حسینی,1977-12-28,زن,09228403595,"7625 پرنيا بلوار، بندر حسنا, همدان 43096",,,2,2025-01-13
452,9477422290,نرگس,رستمی,1991-07-29,زن,09045886792,"807 کابلی بزرگ راه سوئیت 975، شهر حنانه, آذربایجان شرقی 26501",,,5,2024-10-10
453,8585672870,لیلا,کاظمی,2018-08-28,زن,09324913577,"18826 آرش کوچه سوئیت 437، شهر حسنا, کرمانشاه 284177",A+,,5,2023-12-14
454,3350615813,پریسا,سلطانی,2010-07-10,زن,09423372094,"6053 محدثه تقاطع، شرق ابوالفضل, لرستان 02374",A-,,1,2026-02-03
455,2840333996,سارا,سعیدی,2014-02-24,زن,09173189397,"8725 اشتری جزیره سوئیت 110، شرق آيدا, آذربایجان شرقی 0569",A+,,1,2023-12-31
456,7399704694,ترانه,هاشمی,1977-11-29,زن,09483548847,"4471 سمسار میدان سوئیت 341، جنوب دانيال, مازندران 7189",B+,,3,2026-04-19
457,8772216417,سعید,هاشمی,1997-05-03,مرد,09845871493,"231 كیان خیابان، جنوب یگانه, مازندران 931",B+,,,2024-03-13
458,3622925876,نوید,هاشمی,1986-04-18,مرد,09524555746,"8433 کرمانی تونل سوئیت 860، غرب ثنا, کرمانشاه 56350",O+,آسپرین,1,2025-01-23
459,6527403348,نسرین,شریفی,1979-01-09,زن,09398741132,"05347 معروف دره، شرق باران, یزد 54110",O-,,5,2025-09-25
460,7067349966,لیلا,صادقی,1980-03-26,زن,09721562294,"5989 سماوات جنب سوئیت 961، شرق حسين, البرز 933",A-,,3,2025-08-29
461,9848840214,سعید,نوری,1980-02-12,مرد,09573755344,"89547 آرین میدان، شرق یاسمین, لرستان 4855716176",A+,بی‌حسی موضعی,4,2026-02-02
462,6670808501,فرهاد,موسوی,1956-03-06,مرد,09191818281,"424 علی رضا خیابان، روستای نیما, کردستان 7868",O-,,2,2026-05-07
463,1647725127,علی,نیکنام,1965-08-08,مرد,09600356243,"432 الینا بن بست سوئیت 878، بندر يسنا, سیستان و بلوچستان 81230",AB-,,2,2025-11-03
464,9592323429,مینا,طاهری,2015-06-02,زن,09333426433,"24240 مائده دره سوئیت 595، غرب آراد, زنجان 6945",,آسپرین,,2025-07-17
465,1607360772,الهام,توکلی,1971-10-19,زن,09981231795,"3424 امیرمهدی دره، استان سارا, خراسان رضوی 354396",,,2,2024-04-15
466,3185748174,لیلا,موسوی,1967-01-26,زن,09643167045,"65271 روحانی جاده سوئیت 239، شرق اميرعباس, سیستان و بلوچستان 422",B-,پنی‌سیلین,2,2024-02-24
467,8227009344,مهسا,امینی,2000-01-08,زن,09251207346,"21637 ابوطالبی میدان، باغات آیلین, کهگیلویه و بویراحمد 010023",AB+,,1,2024-07-22
468,0507026081,افسانه,زارعی,1999-05-22,زن,09161177687,"90018 علی پور پل سوئیت 279، شرق اسما, قم 230848",A+,,4,2024-02-25
469,4258591777,ایمان,امینی,1995-06-08,مرد,09311649133,"18418 ایروانی کوچه، شمال زينب, مازندران 254361",AB+,,4,2024-10-26
470,9889425653,مهدی,احمدی,2016-01-21,مرد,09203265097,"31451 بهمنی بزرگ راه، شمال پرهام, بوشهر 6859",AB-,,,2023-11-10
471,9673794871,مهناز,افشار,1977-02-24,زن,09871584156,"49451 جهانی بزرگ راه واحد 102، شهر یگانه, کهگیلویه و بویراحمد 711964",B+,آسپرین,1,2024-08-19
472,1842547682,فرزاد,توکلی,1956-05-19,مرد,09323035892,"2265 جهانی کوه، روستای پرهام, قم 3668",A+,,,2025-10-26
473,5838252121,مجید,رضایی,1992-05-26,مرد,09646867752,"836 بنیامین کوه سوئیت 135، جنوب نازنین زهرا, کرمانشاه 7210552472",,,,2025-12-19
474,1484399102,مهدی,نجفی,1959-05-30,مرد,09693351342,"30212 موسوی کوچه، شهر محیا, اصفهان 1792025213",,بی‌حسی موضعی,5,2024-12-12
475,2372450182,سارا,میرزایی,1960-04-23,زن,09972154064,"622 موحد میدان، دهستان محمد طاها, قم 041200",O-,,2,2026-01-17
476,7438119955,ترانه,جعفری,1956-08-26,زن,09444856451,"66784 علی پور بلوار، شرق الينا, گیلان 6236903628",O-,,4,2026-01-05
477,3964178993,مهناز,جعفری,1972-07-26,زن,09911359966,"5662 النا کوه سوئیت 411، شهر پرهام, قم 342",,بی‌حسی موضعی,4,2024-03-11
478,7980660390,مهناز,محمدی,1978-06-26,زن,09745553470,"90438 اميرمحمد خیابان، بندر ملیكا, اردبیل 7005140546",AB+,,,2025-03-24
479,2388565278,میلاد,کریمی,1991-03-03,مرد,09659726347,"5215 همدانی دره سوئیت 096، باغات آتنا, سیستان و بلوچستان 2711",O-,,2,2025-04-21
480,2501394887,مریم,صالحی,1998-01-19,زن,09642585626,"228 پویان میدان، بندر مليکا, مازندران 633",AB+,,1,2024-01-06
481,5370382409,مهناز,کاظمی,1992-04-08,زن,09204309776,"710 کيان تقاطع، دهستان مهسا, هرمزگان 24214",B-,,5,2024-11-08
482,9696454651,سپیده,قاسمی,1990-03-02,زن,09538921878,"12747 گلپایگانی جاده سوئیت 197، شهر فاطمياسارينا, گلستان 927589",B-,,5,2025-08-04
483,3749079773,محمد,اکبری,2002-07-29,مرد,09721514940,"68740 مبين بلوار سوئیت 214، شرق ایلیا, گلستان 367",,,2,2026-02-07
484,6374845390,وحید,رضایی,1968-06-05,مرد,09591191862,"7871 آیدا دره واحد 636، غرب محيا, قم 7371470827",,,,2025-05-09
485,9220715112,امیر,مرادی,1971-01-21,مرد,09214526471,"9096 مليکا کوه، جنوب محیا, خراسان رضوی 644",O+,,3,2025-09-22
486,1571840907,بابک,احمدی,1976-06-28,مرد,09056409951,"14614 کریمی بن بست، شرق محیا, گیلان 542356",,,5,2024-07-14
487,7283512950,پویا,محمدی,1997-11-24,مرد,09908144152,"265 محمد پور بن بست سوئیت 992، استان ماهان, قزوین 272",B+,,,2024-06-03
488,7392957864,احمد,افشار,2012-02-15,مرد,09360507918,"64807 عرفان جاده سوئیت 033، شهرستان بنيامين, تهران 6353390550",AB-,,5,2024-12-20
489,9886834528,شادی,محمدی,1966-01-24,زن,09715879647,"177 رفیعی بزرگ راه واحد 868، غرب مهدیه, هرمزگان 528928",,,1,2026-01-11
490,8031499829,کامران,میرزایی,2017-07-12,مرد,09068828503,"6491 نرگس پل سوئیت 961، باغات ماهان, اصفهان 890463",B+,,3,2025-04-15
491,1373990066,پگاه,مرادی,1983-08-12,زن,09263560229,"613 بهمنی بزرگ راه واحد 660، جنوب محمدامین, سیستان و بلوچستان 44630",AB+,,4,2024-12-08
492,9434606667,آزاده,حسینی,1958-04-13,زن,09723111271,"02589 زمانی چهار راه، جنوب حسام, گلستان 9609",AB-,بی‌حسی موضعی,3,2023-08-25
493,6484494118,مهسا,حسینی,1995-06-28,زن,09771130621,"626 دادفر چهار راه، جنوب آیلین, ایلام 1964825311",,,2,2026-05-19
494,6957279081,امیر,مرادی,1994-03-02,مرد,09425730662,"92098 علی اكبر جزیره سوئیت 275، جنوب محمدمهدي, خراسان شمالی 38364",,,2,2023-11-01
495,2357071397,کاوه,موسوی,2001-11-02,مرد,09688092550,"20911 هاشمی دره سوئیت 244، غرب یلدا, یزد 36170",A-,,1,2025-05-15
496,6090691305,وحید,خسروی,1939-12-25,مرد,09737945772,"1366 هدایت جاده، شرق حسنا, آذربایجان شرقی 9901",AB-,,3,2025-10-02
497,2642506428,سمیرا,کاظمی,1991-01-19,زن,09666777675,"9980 رضا جنب سوئیت 390، شهرستان محمدحسین, بوشهر 5130",O+,ید,,2024-04-16
498,3333939576,امیر,دهقان,1968-02-08,مرد,09187496033,"12447 نازنین بزرگ راه، دهستان ياسين, یزد 863423",B+,,5,2025-04-23
499,6270369241,ایمان,شریفی,2000-09-15,مرد,09265732759,"99423 سعیدی جاده واحد 945، باغات بهار, مازندران 9551",,,1,2025-11-04
500,1110005156,کامران,نیکنام,2001-04-22,مرد,09597752441,"84964 رستمی کوچه، شرق هانيه, مازندران 5313",,لاتکس,,2025-04-24
