payment_id,invoice_id,amount,payment_date,method,reference_number
1,1,760000,2026-07-07,کارت,REF-35777882
2,1,770000,2026-08-03,نقد,
3,2,5040000,2026-07-12,کارت,REF-55377506
4,3,6900000,2026-06-02,کارت,REF-89696670
5,4,3390000,2026-05-25,کارت,REF-53967942
6,4,3390000,2026-07-14,چک,REF-86161162
7,4,3390000,2026-08-03,کارت,REF-52387241
8,5,1870000,2026-06-21,چک,REF-55047202
9,6,7250000,2026-07-13,کارت,REF-74364772
10,6,7260000,2026-08-03,کارت,REF-62073851
11,7,30120000,2026-07-07,نقد,
12,7,30128000,2026-08-03,کارت,REF-71360217
13,8,780000,2026-07-07,کارت,REF-72299563
14,8,780000,2026-08-03,کارت,REF-91742195
15,9,3540000,2026-07-04,نقد,
16,10,1845000,2026-06-29,چک,REF-82592552
17,11,16400000,2026-07-04,کارت,REF-75857472
18,11,16416000,2026-08-03,کارت,REF-48929203
19,12,4390000,2026-06-25,کارت,REF-31175895
20,14,2110000,2026-06-20,نقد,
21,14,2120000,2026-08-03,چک,REF-58344114
22,15,3240000,2026-07-02,کارت,REF-42392318
23,15,3240000,2026-08-03,چک,REF-32571727
24,15,3240000,2026-08-03,کارت,REF-87229402
25,16,7200000,2026-06-25,کارت,REF-73254605
26,17,5680000,2026-07-04,نقد,
27,17,5680000,2026-08-03,کارت,REF-43240142
28,17,5680000,2026-08-03,چک,REF-71155870
29,18,1960000,2026-07-20,کارت,REF-13339483
30,18,1970000,2026-08-03,نقد,
31,19,1340000,2026-06-02,نقد,
32,19,1350000,2026-07-29,چک,REF-81468340
33,20,2460000,2026-07-11,کارت,REF-30440427
34,20,2470000,2026-08-03,نقد,
35,21,6984000,2026-06-30,کارت,REF-21127708
36,22,7482000,2026-07-19,کارت,REF-76799701
37,23,6340000,2026-06-22,بیمه,REF-34773545
38,23,6340000,2026-07-26,کارت,REF-41754682
39,24,1610000,2026-07-09,نقد,
40,24,1620000,2026-07-29,کارت,REF-46593676
41,25,16800000,2026-05-28,کارت,REF-94181761
42,25,16800000,2026-07-24,کارت,REF-94313709
43,26,2530000,2026-07-18,کارت,REF-68284185
44,26,2540000,2026-08-03,کارت,REF-69432877
45,27,9270000,2026-07-22,نقد,
46,27,9280000,2026-08-03,چک,REF-56661727
47,28,24620000,2026-07-14,چک,REF-87601296
48,28,24620000,2026-08-03,کارت,REF-31427857
49,30,21000000,2026-07-14,کارت,REF-20586228
50,30,21016000,2026-08-03,کارت,REF-22762081
51,31,9150000,2026-06-30,نقد,
52,32,32604000,2026-07-02,کارت,REF-77380569
53,33,3090000,2026-07-14,نقد,
54,33,3100000,2026-08-03,نقد,
55,35,2040000,2026-07-12,نقد,
56,35,2052000,2026-08-03,کارت,REF-29334055
57,36,5040000,2026-06-21,کارت,REF-90588940
58,37,4590000,2026-06-24,کارت,REF-53357938
59,37,4590000,2026-08-03,کارت,REF-74562677
60,38,12680000,2026-06-03,کارت,REF-27425259
61,38,12680000,2026-07-10,کارت,REF-44350353
62,39,3816000,2026-06-28,کارت,REF-52763423
63,40,1010000,2026-06-13,کارت,REF-29222180
64,40,1010000,2026-08-03,کارت,REF-62545147
65,41,700000,2026-07-11,چک,REF-56238403
66,41,700000,2026-08-03,کارت,REF-46348166
67,41,720000,2026-08-03,نقد,
68,42,38070000,2026-06-27,کارت,REF-76589755
69,43,6220000,2026-07-21,کارت,REF-85753061
70,44,2690000,2026-07-15,کارت,REF-12676883
71,44,2700000,2026-08-03,نقد,
72,45,4100000,2026-06-01,کارت,REF-54818930
73,45,4110000,2026-07-27,کارت,REF-73697861
74,46,2930000,2026-06-10,کارت,REF-10611449
75,47,4650000,2026-07-02,چک,REF-98265733
76,47,4665000,2026-08-03,چک,REF-52760707
77,48,9720000,2026-06-17,نقد,
78,49,1580000,2026-07-04,کارت,REF-53128734
79,49,1580000,2026-08-01,کارت,REF-19691286
80,49,1587500,2026-08-03,کارت,REF-49390893
81,50,19800000,2026-07-04,بیمه,REF-39417251
82,50,19808000,2026-08-03,کارت,REF-44589789
83,51,2880000,2026-05-26,کارت,REF-47601673
84,51,2890000,2026-07-01,کارت,REF-23074563
85,52,11060000,2026-05-30,چک,REF-62067764
86,53,3380000,2026-06-11,کارت,REF-18748841
87,54,4240000,2026-06-22,کارت,REF-71461405
88,54,4240000,2026-08-03,کارت,REF-55429188
89,55,10248000,2026-07-04,کارت,REF-51008384
90,56,6220000,2026-07-06,کارت,REF-25930501
91,56,6224000,2026-08-03,کارت,REF-47946928
92,57,2400000,2026-07-04,کارت,REF-30093493
93,59,970000,2026-07-04,کارت,REF-90638188
94,59,980000,2026-08-03,کارت,REF-74264687
95,61,2220000,2026-06-16,نقد,
96,61,2236000,2026-08-03,کارت,REF-27810002
97,62,7752000,2026-07-07,کارت,REF-92318841
98,63,2940000,2026-05-28,کارت,REF-65248383
99,64,38170000,2026-05-27,کارت,REF-90917171
100,65,3120000,2026-05-25,کارت,REF-38340419
101,65,3120000,2026-07-13,کارت,REF-44954158
102,66,32767500,2026-06-08,چک,REF-68743915
103,67,23060000,2026-06-03,نقد,
104,67,23070000,2026-06-25,نقد,
105,68,1050000,2026-07-21,نقد,
106,68,1050000,2026-08-03,بیمه,REF-59213348
107,68,1060000,2026-08-03,نقد,
108,69,7600000,2026-07-02,کارت,REF-18735980
109,69,7608000,2026-08-03,کارت,REF-28042050
110,70,2890000,2026-06-29,نقد,
111,70,2900000,2026-07-29,نقد,
112,71,3270000,2026-06-17,نقد,
113,71,3270000,2026-07-16,کارت,REF-94283066
114,71,3270000,2026-08-03,کارت,REF-71286978
115,72,51380000,2026-06-02,چک,REF-73122955
116,73,2400000,2026-07-16,نقد,
117,75,2130000,2026-06-06,چک,REF-33020926
118,75,2140000,2026-07-17,کارت,REF-96753387
119,77,3270000,2026-06-23,نقد,
120,78,1090000,2026-06-01,کارت,REF-93173583
121,78,1090000,2026-07-19,نقد,
122,79,2060000,2026-07-05,نقد,
123,79,2070000,2026-08-03,کارت,REF-62403850
124,83,4100000,2026-06-28,بیمه,REF-41530157
125,84,7760000,2026-07-20,کارت,REF-70586059
126,85,1510000,2026-05-30,نقد,
127,85,1510000,2026-07-19,کارت,REF-53467964
128,86,11470000,2026-07-22,نقد,
129,86,11480000,2026-08-03,نقد,
130,87,920000,2026-06-23,بیمه,REF-87265985
131,87,920000,2026-07-25,نقد,
132,87,939500,2026-08-03,نقد,
133,88,2298000,2026-06-24,کارت,REF-36932204
134,90,47240000,2026-05-25,چک,REF-92890509
135,91,5652500,2026-07-25,نقد,
136,92,2170000,2026-05-30,نقد,
137,92,2174000,2026-06-28,چک,REF-54713645
138,93,10230000,2026-06-08,کارت,REF-97393312
139,94,1330000,2026-06-29,کارت,REF-17954528
140,94,1330000,2026-08-03,کارت,REF-82240865
141,95,18198000,2026-06-13,کارت,REF-95005219
142,96,3080000,2026-06-01,نقد,
143,97,13250000,2026-07-25,کارت,REF-88039043
144,98,5110000,2026-07-08,کارت,REF-19429237
145,98,5120000,2026-08-03,کارت,REF-93282932
146,99,1430000,2026-07-14,کارت,REF-84814506
147,99,1438000,2026-08-03,نقد,
148,100,1510000,2026-05-30,کارت,REF-89240515
149,100,1510000,2026-07-12,کارت,REF-41458509
150,100,1530000,2026-08-03,نقد,
151,101,19240000,2026-07-01,کارت,REF-89601169
152,102,1590000,2026-05-30,کارت,REF-25021542
153,102,1600000,2026-07-07,کارت,REF-27467116
154,103,1250000,2026-07-07,کارت,REF-93118498
155,103,1260000,2026-08-03,کارت,REF-21422590
156,104,840000,2026-06-17,کارت,REF-32706423
157,104,850000,2026-08-03,نقد,
158,105,5130000,2026-07-04,کارت,REF-29470847
159,105,5130000,2026-07-25,کارت,REF-32032267
160,106,6580000,2026-07-18,کارت,REF-45872403
161,106,6580000,2026-08-03,بیمه,REF-60931356
162,107,2570000,2026-06-03,نقد,
163,107,2580000,2026-07-04,کارت,REF-51666842
164,108,1440000,2026-07-16,کارت,REF-78003585
165,108,1452000,2026-08-03,بیمه,REF-56490074
166,109,1930000,2026-07-18,نقد,
167,109,1940000,2026-08-03,کارت,REF-50938758
168,110,3680000,2026-05-28,کارت,REF-33623235
169,110,3685000,2026-06-20,چک,REF-45838913
170,111,16260000,2026-06-25,کارت,REF-22046450
171,111,16261000,2026-07-15,کارت,REF-34502534
172,112,1110000,2026-06-27,کارت,REF-38410345
173,112,1122000,2026-08-03,بیمه,REF-74520868
174,113,19070000,2026-07-14,چک,REF-82142216
175,113,19080000,2026-08-03,چک,REF-84926800
176,115,28540000,2026-07-21,کارت,REF-96252346
177,115,28550000,2026-08-03,کارت,REF-77114654
178,116,1200000,2026-07-18,کارت,REF-94172549
179,116,1210000,2026-08-03,نقد,
180,117,2180000,2026-05-28,نقد,
181,117,2180000,2026-07-22,نقد,
182,118,3540000,2026-07-11,کارت,REF-37330014
183,118,3540000,2026-08-03,کارت,REF-15283340
184,120,3170000,2026-07-06,کارت,REF-68858432
185,120,3170000,2026-08-03,بیمه,REF-76528263
186,123,3390000,2026-05-30,نقد,
187,123,3390000,2026-06-26,کارت,REF-98374936
188,124,3710000,2026-06-23,کارت,REF-76861115
189,124,3712000,2026-07-27,چک,REF-42896403
190,126,18860000,2026-06-27,نقد,
191,128,2840000,2026-06-07,چک,REF-49759637
192,128,2840000,2026-07-14,کارت,REF-45636910
193,129,5952000,2026-05-27,کارت,REF-68675537
194,130,5768000,2026-06-18,نقد,
195,131,1450000,2026-07-05,نقد,
196,131,1450000,2026-08-03,کارت,REF-21023307
197,131,1457500,2026-08-03,چک,REF-27574261
198,132,710000,2026-07-04,چک,REF-84576326
199,132,710000,2026-08-03,کارت,REF-45254897
200,132,730000,2026-08-03,کارت,REF-55545006
201,133,1090000,2026-07-02,کارت,REF-45091265
202,133,1090000,2026-08-02,کارت,REF-94746922
203,134,1320000,2026-07-02,نقد,
204,134,1332000,2026-07-31,نقد,
205,135,8092000,2026-05-30,نقد,
206,136,4460000,2026-07-26,چک,REF-62918045
207,136,4460000,2026-08-03,نقد,
208,138,16430000,2026-07-02,کارت,REF-48096668
209,138,16438000,2026-07-26,بیمه,REF-22667408
210,139,4630000,2026-06-29,بیمه,REF-83462300
211,139,4630000,2026-08-03,کارت,REF-75563420
212,140,2060000,2026-05-28,نقد,
213,140,2060000,2026-07-04,کارت,REF-65001200
214,140,2070000,2026-08-03,کارت,REF-28735136
215,141,3530000,2026-06-27,کارت,REF-31035180
216,141,3542000,2026-08-03,کارت,REF-40367245
217,142,44835000,2026-07-14,بیمه,REF-46470174
218,143,2460000,2026-06-02,بیمه,REF-61218740
219,143,2475000,2026-07-12,چک,REF-56929741
220,144,4370000,2026-06-21,نقد,
221,144,4380000,2026-08-03,کارت,REF-64378498
222,145,1330000,2026-07-16,کارت,REF-27137945
223,146,23700000,2026-07-04,کارت,REF-33759564
224,146,23700000,2026-08-03,چک,REF-89614846
225,147,750000,2026-06-15,چک,REF-72367704
226,147,750000,2026-08-03,کارت,REF-55473929
227,148,5208000,2026-06-04,نقد,
228,149,25230000,2026-07-08,کارت,REF-36921531
229,150,3890000,2026-06-24,نقد,
230,152,4230000,2026-07-23,چک,REF-50476462
231,152,4230000,2026-08-03,نقد,
232,153,2630000,2026-06-27,چک,REF-50726413
233,153,2640000,2026-08-03,نقد,
234,154,3090000,2026-07-23,نقد,
235,154,3090000,2026-08-03,کارت,REF-50456734
236,154,3119000,2026-08-03,نقد,
237,155,3320000,2026-06-27,کارت,REF-95896712
238,155,3320000,2026-08-03,کارت,REF-67534518
239,156,4500000,2026-06-20,کارت,REF-33084452
240,156,4500000,2026-07-20,کارت,REF-34917686
241,157,6060000,2026-05-27,کارت,REF-54677438
242,158,4220000,2026-06-04,نقد,
243,158,4220000,2026-07-13,چک,REF-47206661
244,159,55981000,2026-07-04,کارت,REF-29716429
245,160,2766000,2026-06-10,کارت,REF-97179655
246,161,3980000,2026-06-22,کارت,REF-51005231
247,161,3988000,2026-07-18,کارت,REF-20138144
248,162,920000,2026-06-22,کارت,REF-84330505
249,162,920000,2026-08-03,نقد,
250,162,940000,2026-08-03,نقد,
251,163,3100000,2026-05-26,نقد,
252,163,3100000,2026-06-22,نقد,
253,163,3110000,2026-07-31,کارت,REF-92380781
254,164,1930000,2026-06-27,بیمه,REF-92484775
255,164,1930000,2026-07-30,چک,REF-60870106
256,164,1940000,2026-08-03,کارت,REF-46713286
257,165,32115000,2026-07-21,نقد,
258,166,1050000,2026-06-03,کارت,REF-96293817
259,166,1050000,2026-07-24,کارت,REF-12792121
260,166,1050000,2026-08-03,کارت,REF-44973944
261,167,2460000,2026-06-09,کارت,REF-36561256
262,168,15430000,2026-07-02,کارت,REF-76110962
263,168,15447500,2026-07-24,چک,REF-17906847
264,170,10372500,2026-07-23,کارت,REF-31226167
265,171,730000,2026-06-21,چک,REF-34084807
266,171,740000,2026-07-15,کارت,REF-74770948
267,172,1720000,2026-06-29,کارت,REF-68639885
268,172,1730000,2026-08-03,نقد,
269,173,12570000,2026-06-21,کارت,REF-91352730
270,173,12573000,2026-07-23,نقد,
271,174,20740000,2026-06-09,نقد,
272,174,20750000,2026-07-13,کارت,REF-65333782
273,175,9320000,2026-06-22,نقد,
274,176,1100000,2026-06-04,کارت,REF-56951930
275,176,1100000,2026-07-07,کارت,REF-95357250
276,176,1120000,2026-08-03,کارت,REF-92917609
277,178,8760000,2026-06-14,نقد,
278,178,8760000,2026-07-27,کارت,REF-53818841
279,179,10480000,2026-07-04,کارت,REF-90487117
280,180,6360000,2026-07-08,چک,REF-90563490
281,181,640000,2026-06-06,نقد,
282,181,644000,2026-07-26,کارت,REF-28617994
283,182,870000,2026-06-11,کارت,REF-42119463
284,182,870000,2026-07-06,کارت,REF-21136666
285,183,3030000,2026-07-18,کارت,REF-26005325
286,183,3039000,2026-08-03,چک,REF-53506610
287,184,21300000,2026-06-27,نقد,
288,187,15620000,2026-07-06,کارت,REF-14871978
289,187,15630000,2026-08-03,کارت,REF-89662039
290,188,1260000,2026-06-06,کارت,REF-30243421
291,189,6961500,2026-07-09,کارت,REF-93906075
292,190,4560000,2026-06-25,چک,REF-69361108
293,191,1450000,2026-07-18,کارت,REF-52201570
294,191,1450000,2026-08-03,کارت,REF-30826206
295,191,1476000,2026-08-03,کارت,REF-57153385
296,194,4580000,2026-06-27,کارت,REF-16517366
297,194,4588000,2026-08-03,کارت,REF-77308967
298,195,4880000,2026-05-26,نقد,
299,195,4880000,2026-06-21,کارت,REF-80175701
300,198,5472000,2026-06-27,کارت,REF-52531343
301,199,22930000,2026-06-08,بیمه,REF-36712236
302,199,22930000,2026-07-12,کارت,REF-87554342
303,200,31362000,2026-07-19,کارت,REF-22418029
304,201,900000,2026-07-11,کارت,REF-11530315
305,201,900000,2026-08-03,بیمه,REF-96623741
306,201,920000,2026-08-03,کارت,REF-93494666
307,202,4160000,2026-06-21,کارت,REF-63281887
308,202,4160000,2026-07-22,نقد,
309,203,990000,2026-05-31,کارت,REF-93188043
310,203,990000,2026-07-20,کارت,REF-35714086
311,204,3260000,2026-06-13,نقد,
312,204,3260000,2026-08-01,بیمه,REF-13763129
313,205,1610000,2026-07-09,نقد,
314,205,1610000,2026-08-03,چک,REF-66057845
315,206,3280000,2026-07-13,کارت,REF-76430796
316,206,3288000,2026-08-03,چک,REF-28312374
317,207,8448000,2026-06-13,کارت,REF-23090212
318,208,31980000,2026-05-27,کارت,REF-51634614
319,208,31980000,2026-07-18,کارت,REF-18455317
320,209,1520000,2026-07-21,کارت,REF-40971505
321,209,1520000,2026-08-03,کارت,REF-59321364
322,210,1370000,2026-05-31,کارت,REF-76897617
323,212,25700000,2026-06-20,کارت,REF-25360582
324,212,25710000,2026-08-03,کارت,REF-56007877
325,213,1450000,2026-07-04,بیمه,REF-29913970
326,213,1467500,2026-08-03,کارت,REF-89130652
327,214,5580000,2026-06-27,چک,REF-75723736
328,215,2722500,2026-07-05,کارت,REF-86047057
329,216,6290000,2026-06-04,کارت,REF-56861905
330,216,6290000,2026-08-02,کارت,REF-28314076
331,217,3276000,2026-07-23,نقد,
332,218,5190000,2026-06-24,کارت,REF-16763492
333,218,5202000,2026-08-03,کارت,REF-15017897
334,219,42850000,2026-07-09,نقد,
335,220,15840000,2026-07-19,نقد,
336,220,15840000,2026-08-03,کارت,REF-90018101
337,222,5830000,2026-07-09,کارت,REF-37061225
338,223,30680000,2026-06-06,نقد,
339,223,30696000,2026-07-02,کارت,REF-95880754
340,224,6410000,2026-06-23,کارت,REF-54986047
341,225,29910000,2026-07-19,کارت,REF-62762529
342,225,29910000,2026-08-03,کارت,REF-44322814
343,226,2420000,2026-06-03,چک,REF-36622127
344,226,2430000,2026-07-06,کارت,REF-73180223
345,227,30226000,2026-06-28,نقد,
346,228,1600000,2026-07-20,کارت,REF-48271613
347,228,1604000,2026-08-03,کارت,REF-20397381
348,229,1010000,2026-06-23,نقد,
349,229,1020000,2026-07-20,چک,REF-13248096
350,230,980000,2026-05-31,کارت,REF-47077520
351,230,980000,2026-07-05,نقد,
352,231,10510000,2026-07-19,کارت,REF-96511977
353,231,10514000,2026-08-03,کارت,REF-34605358
354,232,1490000,2026-05-30,کارت,REF-76284596
355,232,1490000,2026-06-28,چک,REF-22680423
356,233,3540000,2026-06-22,کارت,REF-46263562
357,234,1310000,2026-07-12,کارت,REF-13344821
358,234,1310000,2026-08-03,کارت,REF-12333372
359,234,1310000,2026-08-03,نقد,
360,235,3350000,2026-07-18,کارت,REF-57271179
361,237,14360000,2026-07-18,کارت,REF-44135486
362,237,14370000,2026-08-03,نقد,
363,238,26840000,2026-07-25,کارت,REF-17035935
364,238,26850000,2026-08-03,نقد,
365,239,2928000,2026-06-02,نقد,
366,240,13110000,2026-06-01,کارت,REF-29991387
367,240,13110000,2026-07-08,کارت,REF-88194366
368,240,13132000,2026-08-03,کارت,REF-79108025
369,242,2680000,2026-05-26,کارت,REF-65460131
370,243,4068000,2026-06-20,کارت,REF-52808278
371,244,2700000,2026-07-16,کارت,REF-82842530
372,244,2715000,2026-08-03,کارت,REF-31357758
373,245,2750000,2026-07-04,نقد,
374,245,2752000,2026-08-03,کارت,REF-76497700
375,246,2970000,2026-07-13,کارت,REF-12570247
376,246,2976000,2026-08-03,نقد,
377,247,1200000,2026-06-28,کارت,REF-33363304
378,247,1214000,2026-08-03,کارت,REF-46863512
379,248,620000,2026-07-18,چک,REF-17948393
380,248,620000,2026-08-03,کارت,REF-36360898
381,248,630000,2026-08-03,نقد,
382,249,1420000,2026-05-30,نقد,
383,250,2832000,2026-06-16,نقد,
384,251,8826000,2026-06-06,کارت,REF-84275050
385,252,20060000,2026-06-06,چک,REF-59467938
386,252,20060000,2026-06-28,کارت,REF-78537325
387,254,820000,2026-07-20,کارت,REF-54641178
388,254,830000,2026-08-03,نقد,
389,255,1810000,2026-06-13,کارت,REF-17650925
390,255,1820000,2026-07-20,کارت,REF-70836987
391,256,13080000,2026-05-30,نقد,
392,256,13080000,2026-07-25,نقد,
393,256,13080000,2026-08-03,کارت,REF-60102940
394,257,1000000,2026-06-25,کارت,REF-85631961
395,257,1000000,2026-07-18,کارت,REF-86508514
396,257,1000000,2026-08-03,کارت,REF-14173266
397,259,1100000,2026-05-27,کارت,REF-19557793
398,259,1110000,2026-07-13,کارت,REF-57998538
399,260,2380000,2026-06-11,چک,REF-59717556
400,260,2380000,2026-07-30,کارت,REF-52982504
401,260,2390000,2026-08-03,چک,REF-81622333
402,263,47982000,2026-06-14,کارت,REF-87904569
403,264,1130000,2026-07-11,کارت,REF-57923480
404,264,1130000,2026-08-03,چک,REF-45997225
405,265,1270000,2026-06-21,نقد,
406,265,1270000,2026-07-13,نقد,
407,265,1285000,2026-08-03,کارت,REF-93651120
408,266,1530000,2026-07-11,کارت,REF-87022122
409,266,1530000,2026-08-03,کارت,REF-15359465
410,267,3474000,2026-07-18,چک,REF-11570812
411,269,31720000,2026-07-21,کارت,REF-80768232
412,270,3540000,2026-06-29,کارت,REF-70420470
413,271,1400000,2026-06-24,چک,REF-86991846
414,271,1400000,2026-07-26,کارت,REF-48805667
415,271,1410000,2026-08-03,کارت,REF-12347297
416,273,1790000,2026-06-13,چک,REF-11227522
417,273,1800000,2026-08-03,کارت,REF-50774258
418,274,1330000,2026-06-30,کارت,REF-25120511
419,274,1340000,2026-07-29,نقد,
420,275,4296000,2026-06-03,چک,REF-97862846
421,276,4170000,2026-07-01,کارت,REF-43044466
422,276,4170000,2026-07-28,کارت,REF-71877419
423,279,5500000,2026-06-24,نقد,
424,279,5510000,2026-07-22,کارت,REF-10684712
425,280,2320000,2026-06-04,نقد,
426,280,2320000,2026-07-15,چک,REF-28111670
427,281,13520000,2026-05-30,کارت,REF-48248101
428,281,13530000,2026-06-29,کارت,REF-35736895
429,282,5900000,2026-05-28,نقد,
430,282,5906500,2026-06-26,کارت,REF-47119194
431,284,14890000,2026-06-22,چک,REF-48580338
432,284,14900000,2026-07-14,کارت,REF-83767376
433,285,1310000,2026-06-20,کارت,REF-26823551
434,285,1320000,2026-07-10,کارت,REF-72022882
435,286,1170000,2026-06-16,کارت,REF-74786167
436,286,1170000,2026-07-17,چک,REF-14854539
437,286,1172000,2026-08-03,کارت,REF-22786451
438,287,8170000,2026-06-17,کارت,REF-58382046
439,287,8170000,2026-08-03,کارت,REF-56093877
440,288,4776000,2026-06-01,کارت,REF-27079743
441,289,53230000,2026-07-23,نقد,
442,290,2740000,2026-06-21,کارت,REF-36085657
443,290,2740000,2026-07-20,نقد,
444,291,3170000,2026-06-13,کارت,REF-51975614
445,291,3170000,2026-07-04,کارت,REF-75480006
446,291,3172000,2026-07-28,کارت,REF-89071951
447,293,1790000,2026-05-25,نقد,
448,293,1795000,2026-07-10,نقد,
449,295,14860000,2026-06-04,چک,REF-88860754
450,295,14860000,2026-07-25,چک,REF-37232526
451,295,14870000,2026-08-03,کارت,REF-29659171
452,297,1800000,2026-06-10,نقد,
453,297,1800000,2026-07-10,کارت,REF-28064951
454,297,1800000,2026-08-03,کارت,REF-69470794
455,298,4480000,2026-06-23,کارت,REF-87358345
456,298,4496000,2026-08-03,نقد,
457,299,23320000,2026-06-27,چک,REF-48775729
458,300,6730000,2026-07-11,کارت,REF-46672833
459,301,3570000,2026-06-17,کارت,REF-77824286
460,302,3880000,2026-07-06,نقد,
461,302,3889000,2026-08-03,نقد,
462,303,11552000,2026-07-13,کارت,REF-34230123
463,305,1160000,2026-07-07,کارت,REF-90944921
464,305,1160000,2026-08-03,کارت,REF-43879674
465,305,1182500,2026-08-03,کارت,REF-51214905
466,306,5950000,2026-05-25,نقد,
467,306,5960000,2026-06-28,نقد,
468,308,1640000,2026-07-11,کارت,REF-66506886
469,308,1640000,2026-08-03,بیمه,REF-87122458
470,308,1664000,2026-08-03,کارت,REF-51932898
471,309,1830000,2026-05-27,کارت,REF-85588772
472,309,1830000,2026-07-26,نقد,
473,309,1830000,2026-08-03,نقد,
474,310,18660000,2026-06-20,نقد,
475,310,18660000,2026-07-15,کارت,REF-91484905
476,311,1230000,2026-07-18,کارت,REF-10616299
477,311,1230000,2026-08-03,بیمه,REF-21171058
478,311,1230000,2026-08-03,بیمه,REF-19718934
479,313,830000,2026-06-03,کارت,REF-91898234
480,313,844000,2026-07-14,بیمه,REF-60574837
481,314,4368000,2026-07-25,کارت,REF-22991480
482,315,7480000,2026-06-06,کارت,REF-72622254
483,317,10220000,2026-07-23,چک,REF-20295719
484,317,10236000,2026-08-03,چک,REF-28219756
485,318,480000,2026-07-14,کارت,REF-60732729
486,318,480000,2026-08-03,نقد,
487,319,900000,2026-07-21,کارت,REF-28595537
488,319,910000,2026-08-03,کارت,REF-80205896
489,320,34660000,2026-07-01,کارت,REF-77503618
490,320,34670000,2026-08-03,کارت,REF-61130223
491,321,27160000,2026-07-15,نقد,
492,322,8570000,2026-06-03,کارت,REF-77832956
493,322,8580000,2026-07-04,کارت,REF-60824195
494,323,3990000,2026-06-21,کارت,REF-20004345
495,325,16790000,2026-06-22,بیمه,REF-69925917
496,326,3580000,2026-07-13,کارت,REF-72750288
497,326,3594000,2026-08-03,کارت,REF-78876057
498,328,1650000,2026-06-06,نقد,
499,328,1656000,2026-07-05,کارت,REF-91047850
500,329,2710000,2026-06-14,نقد,
501,329,2720000,2026-08-03,کارت,REF-43849981
502,330,38675000,2026-05-30,کارت,REF-24468329
503,332,18300000,2026-06-15,کارت,REF-57987303
504,332,18301000,2026-07-17,کارت,REF-82952450
505,333,6544000,2026-05-26,کارت,REF-40317822
506,334,4490000,2026-07-20,کارت,REF-83303068
507,335,4830000,2026-06-03,کارت,REF-60874650
508,335,4840000,2026-07-19,چک,REF-30436363
509,336,1210000,2026-07-12,کارت,REF-21739176
510,336,1229500,2026-08-03,کارت,REF-75088235
511,337,5220000,2026-06-24,چک,REF-92341338
512,337,5226500,2026-08-03,کارت,REF-41135449
513,340,2080000,2026-06-18,کارت,REF-33800409
514,340,2080000,2026-07-26,کارت,REF-98350255
515,341,6050000,2026-06-06,کارت,REF-79697180
516,341,6062500,2026-08-03,نقد,
517,342,1070000,2026-07-18,چک,REF-47432185
518,342,1070000,2026-08-03,کارت,REF-87084081
519,343,1800000,2026-06-21,بیمه,REF-60876097
520,343,1800000,2026-07-14,کارت,REF-33702752
521,343,1800000,2026-08-03,کارت,REF-58191514
522,344,3460000,2026-07-05,کارت,REF-21201518
523,345,5112000,2026-07-08,نقد,
524,348,1870000,2026-06-25,چک,REF-50750806
525,348,1880000,2026-07-24,کارت,REF-80593790
526,349,2570000,2026-07-11,کارت,REF-32459394
527,349,2575000,2026-08-03,نقد,
528,350,2820000,2026-06-25,نقد,
529,350,2820000,2026-08-02,نقد,
530,352,1340000,2026-07-02,کارت,REF-92734341
531,352,1340000,2026-08-03,کارت,REF-85609570
532,352,1346000,2026-08-03,کارت,REF-89012555
533,353,3150000,2026-06-28,کارت,REF-48722148
534,353,3165500,2026-07-26,کارت,REF-59404909
535,354,7240000,2026-06-28,کارت,REF-72623184
536,354,7250000,2026-07-28,کارت,REF-53946112
537,355,2688000,2026-07-18,کارت,REF-87566327
538,356,6370000,2026-06-01,کارت,REF-32222043
539,356,6380000,2026-07-09,نقد,
540,357,1600000,2026-06-07,بیمه,REF-29007884
541,357,1600000,2026-06-27,نقد,
542,357,1600000,2026-08-03,کارت,REF-72611450
543,358,17850000,2026-06-13,نقد,
544,359,2080000,2026-06-27,چک,REF-31870811
545,359,2080000,2026-08-02,چک,REF-37793005
546,361,24130000,2026-07-25,نقد,
547,361,24140000,2026-08-03,کارت,REF-84671158
548,362,5110000,2026-07-15,کارت,REF-68500532
549,364,2448000,2026-07-22,کارت,REF-66331878
550,365,1180000,2026-06-14,کارت,REF-40092066
551,365,1190000,2026-07-12,کارت,REF-77673120
552,366,18920000,2026-06-07,کارت,REF-27734347
553,367,3825000,2026-06-21,نقد,
554,368,2680000,2026-06-27,کارت,REF-51550165
555,368,2682500,2026-08-03,کارت,REF-87554869
556,369,1180000,2026-07-13,چک,REF-26809247
557,370,27577500,2026-06-20,کارت,REF-19167011
558,372,19720000,2026-07-13,کارت,REF-96574454
559,372,19730000,2026-08-03,چک,REF-33698839
560,373,1610000,2026-06-17,کارت,REF-12011704
561,374,4320000,2026-05-30,کارت,REF-83829697
562,375,2010000,2026-05-30,کارت,REF-18106704
563,375,2010000,2026-07-07,نقد,
564,377,33600000,2026-07-12,نقد,
565,377,33610000,2026-08-03,کارت,REF-61881201
566,378,330000,2026-06-30,کارت,REF-29198489
567,378,330000,2026-08-03,کارت,REF-68721751
568,379,3980000,2026-06-28,نقد,
569,379,3980000,2026-08-03,کارت,REF-99951610
570,380,3450000,2026-05-30,کارت,REF-13709977
571,381,2130000,2026-06-18,کارت,REF-58283664
572,381,2130000,2026-08-03,کارت,REF-23324038
573,381,2140000,2026-08-03,بیمه,REF-65188317
574,383,25880000,2026-07-12,نقد,
575,383,25888000,2026-08-03,کارت,REF-72013873
576,384,9490000,2026-07-02,کارت,REF-31509938
577,385,5160000,2026-07-15,نقد,
578,386,5260000,2026-06-04,کارت,REF-92962477
579,386,5270000,2026-07-12,کارت,REF-12092199
580,387,8150000,2026-06-04,نقد,
581,388,7860000,2026-05-25,کارت,REF-61968333
582,389,2140000,2026-06-30,نقد,
583,389,2150000,2026-08-01,کارت,REF-18626696
584,390,4458000,2026-06-06,نقد,
585,391,4820000,2026-05-30,کارت,REF-85747925
586,392,1280000,2026-06-15,چک,REF-91181036
587,392,1290000,2026-07-27,چک,REF-26279534
588,393,5820000,2026-07-02,کارت,REF-75529627
589,394,12210000,2026-06-30,کارت,REF-43816097
590,394,12220000,2026-08-03,کارت,REF-37325150
591,395,24870000,2026-07-16,کارت,REF-92187307
592,395,24870000,2026-08-03,کارت,REF-41172614
593,396,22690000,2026-07-13,بیمه,REF-55116570
594,396,22700000,2026-08-03,کارت,REF-11232391
595,397,3110000,2026-06-13,کارت,REF-77521293
596,397,3122000,2026-07-14,کارت,REF-44925164
597,398,5130000,2026-06-02,کارت,REF-99957167
598,398,5130000,2026-07-19,کارت,REF-73751866
599,399,61660000,2026-06-27,نقد,
600,400,3130000,2026-06-30,نقد,
